mutation_id	mutation_id	sample_id	cluster_id	cellular_prevalence	cellular_prevalence_std	variant_allele_frequency	CI95
1	Pt72_pre:AARD:chr8_117954932_C_T	Pt72_pre	8	0.941232675267	0.0920458934136	0.181318681319	1.12164262635766
2	Pt72_pre:ACAD9:chr3_128625045_C_T	Pt72_pre	8	0.955909146136	0.0385553366764	0.349344978166	1.03147760602174
3	Pt72_pre:ACOT6:chr14_74086094_C_T	Pt72_pre	8	0.953314996178	0.0475108250408	0.336633663366	1.04643621325797
4	Pt72_pre:ACP6:chr1_147131533_T_C	Pt72_pre	8	0.945395477706	0.100033923662	0.338888888889	1.14146196808352
5	Pt72_pre:ADAM22:chr7_87762238_C_T	Pt72_pre	8	0.96268312209	0.0297753278918	0.543046357616	1.02104276475793
6	Pt72_pre:ADAMTS2:chr5_178566981_C_T	Pt72_pre	8	0.953689178093	0.0406626523672	0.345454545455	1.03338797673271
7	Pt72_pre:ADAMTS8:chr11_130275727_G_A	Pt72_pre	8	0.968700833904	0.0181783490527	0.421568627451	1.00433039804729
8	Pt72_pre:ADARB2:chr10_1262981_G_A	Pt72_pre	8	0.967699106278	0.0200023892011	0.421052631579	1.00690378911216
9	Pt72_pre:ADCK4:chr19_41211267_C_G	Pt72_pre	16	0.880601570058	0.159986596683	0.21875	1.19417529955668
10	Pt72_pre:ADGB:chr6_147067199_G_A	Pt72_pre	8	0.958792405186	0.0359938855986	0.356643356643	1.02934042095926
11	Pt72_pre:ADGRB2:chr1_32221677_C_T	Pt72_pre	8	0.964464453928	0.0255529974114	0.378854625551	1.01454832885434
12	Pt72_pre:ADGRV1:chr5_89940526_T_A	Pt72_pre	8	0.963193106882	0.0304787382397	0.418604651163	1.02293143383181
13	Pt72_pre:ADH1B:chr4_100239275_G_A	Pt72_pre	8	0.953454093611	0.044028426959	0.340740740741	1.03974981045064
14	Pt72_pre:ADHFE1:chr8_67357610_G_A	Pt72_pre	8	0.961500132901	0.0320014001838	0.639097744361	1.02422287726125
15	Pt72_pre:AGBL1:chr15_86807787_C_T	Pt72_pre	8	0.939168706472	0.0647844847851	0.311594202899	1.0661462966508
16	Pt72_pre:AICDA:chr12_8758066_C_T	Pt72_pre	8	0.961048290601	0.0313398701329	0.362549800797	1.02247443606148
17	Pt72_pre:AKAP13:chr15_86198943_C_T	Pt72_pre	8	0.969026198395	0.0175295331279	0.475806451613	1.00338408332568
18	Pt72_pre:AKAP9:chr7_91674499_G_T	Pt72_pre	18	0.85355338719	0.185942143051	0.376146788991	1.21799998756996
19	Pt72_pre:AKAP9:chr7_91674500_T_A	Pt72_pre	8	0.88385193263	0.170351483066	0.369158878505	1.21774083943936
20	Pt72_pre:AKT1:chr14_105242063_G_A	Pt72_pre	8	0.948125648283	0.0530127479767	0.324561403509	1.05203063431733
21	Pt72_pre:ALDH6A1:chr14_74527440_A_G	Pt72_pre	8	0.935754847264	0.0605138687925	0.318897637795	1.0543620300973
22	Pt72_pre:AMOTL1:chr11_94599174_C_T	Pt72_pre	8	0.966905519893	0.0215118981131	0.389221556886	1.00906884019468
23	Pt72_pre:ANK1:chr8_41575710_G_A	Pt72_pre	8	0.967440846151	0.020433778592	0.397394136808	1.00749105219132
24	Pt72_pre:ANK3:chr10_61946604_C_T	Pt72_pre	8	0.965499001007	0.0227521383178	0.608391608392	1.01009319210989
25	Pt72_pre:ANKRD16:chr10_5922267_G_A	Pt72_pre	8	0.963297365315	0.0302158597311	0.403225806452	1.02252045038796
26	Pt72_pre:APBA1:chr9_72082825_G_T	Pt72_pre	8	0.967464806117	0.0207101505506	0.415730337079	1.00805670119618
27	Pt72_pre:APBB1:chr11_6417376_C_T	Pt72_pre	8	0.950989891026	0.0591599747501	0.325581395349	1.0669434415362
28	Pt72_pre:APC:chr5_112179078_C_T	Pt72_pre	8	0.962547342725	0.0311875997506	0.388888888889	1.02367503823618
29	Pt72_pre:APOB:chr2_21230303_G_A	Pt72_pre	8	0.954747392099	0.0407261716587	0.344827586207	1.03457068855005
30	Pt72_pre:APOBEC3B:chr22_39380151_G_A	Pt72_pre	8	0.960663265595	0.0351282192913	0.373626373626	1.02951457540595
31	Pt72_pre:ARCN1:chr11_118452132_C_T	Pt72_pre	8	0.955564506388	0.0392429490133	0.347107438017	1.03248068645407
32	Pt72_pre:ARHGAP21:chr10_24909523_G_A	Pt72_pre	8	0.967569373539	0.0207666248816	0.435897435897	1.00827195830694
33	Pt72_pre:ARHGDIB:chr12_15095608_C_T	Pt72_pre	8	0.940589176175	0.0592116154009	0.317919075145	1.05664394236076
34	Pt72_pre:ARHGEF17:chr11_73022741_C_T	Pt72_pre	8	0.933576656997	0.0708207357745	0.303703703704	1.07238529911502
35	Pt72_pre:ARHGEF40:chr14_21549780_C_T	Pt72_pre	8	0.960629056677	0.0325983038191	0.368421052632	1.02452173216244
36	Pt72_pre:ASB5:chr4_177136769_A_T	Pt72_pre	8	0.957755716879	0.0384104035497	0.357142857143	1.03304010783641
37	Pt72_pre:ATP13A4:chr3_193185264_G_A	Pt72_pre	8	0.9661126093	0.0232657495515	0.393939393939	1.01171347842094
38	Pt72_pre:ATP2B1:chr12_89997605_A_C	Pt72_pre	8	0.967055091317	0.0212175549544	0.397489539749	1.00864149902762
39	Pt72_pre:ATP8A1:chr4_42588477_G_A	Pt72_pre	8	0.965909786279	0.0244034291406	0.423529411765	1.01374050739458
40	Pt72_pre:ATXN2L:chr16_28844594_C_T	Pt72_pre	8	0.968191351261	0.0196706303771	0.454545454545	1.00674578680012
41	Pt72_pre:BAGE4:chr21_11098727_C_T	Pt72_pre	2	0.497972882819	0.0485470678166	0.179428571429	0.593125135739536
42	Pt72_pre:BCL11B:chr14_99642333_C_T	Pt72_pre	8	0.963017907856	0.0327081702583	0.441176470588	1.02712592156227
43	Pt72_pre:BET1L:chr11_205475_G_A	Pt72_pre	8	0.967600085583	0.0200244845684	0.412935323383	1.00684807533706
44	Pt72_pre:BLNK:chr10_97969639_G_A	Pt72_pre	8	0.968766199929	0.0172163592498	0.633802816901	1.00251026405861
45	Pt72_pre:BNIP2:chr15_59970193_C_T	Pt72_pre	8	0.952148188828	0.046384849513	0.338028169014	1.04306249387348
46	Pt72_pre:BRAF:chr7_140453136_A_T	Pt72_pre	8	0.968074032866	0.0188060242572	0.57183908046	1.00493384041011
47	Pt72_pre:C10orf67:chr10_23611438_C_T	Pt72_pre	8	0.967858481501	0.0207214254686	0.518518518519	1.00847247541946
48	Pt72_pre:C11orf24:chr11_68031226_C_T	Pt72_pre	8	0.968127912266	0.0197238084366	0.492957746479	1.00678657680174
49	Pt72_pre:C11orf94:chr11_45928235_C_T	Pt72_pre	8	0.919871783343	0.121641069429	0.238095238095	1.15828827942384
50	Pt72_pre:C16orf72:chr16_9197033_C_T	Pt72_pre	8	0.951332728577	0.0453075795213	0.338541666667	1.04013558443875
51	Pt72_pre:C2:chr6_31903718_A_G	Pt72_pre	8	0.96928290944	0.0167379373697	0.416267942584	1.00208926668461
52	Pt72_pre:C2orf71:chr2_29295609_C_T	Pt72_pre	8	0.949443776828	0.0445763818447	0.341902313625	1.03681348524361
53	Pt72_pre:C6orf118:chr6_165715321_G_A	Pt72_pre	8	0.965674991342	0.0236115574627	0.388392857143	1.01195364396889
54	Pt72_pre:C6orf141:chr6_49518749_G_A	Pt72_pre	8	0.963931556024	0.0287921968584	0.4375	1.02036426186646
55	Pt72_pre:C6orf203:chr6_107361022_A_T	Pt72_pre	8	0.95813106327	0.0382484568576	0.357142857143	1.0330980387109
56	Pt72_pre:CALCRL:chr2_188245492_C_T	Pt72_pre	8	0.966554108698	0.0223402437042	0.4	1.01034098635823
57	Pt72_pre:CCDC141:chr2_179732790_G_A	Pt72_pre	8	0.952292683982	0.0447907086626	0.337209302326	1.0400824729607
58	Pt72_pre:CCDC191:chr3_113697835_A_G	Pt72_pre	8	0.964680675347	0.0264996546441	0.392	1.01661999844944
59	Pt72_pre:CCDC60:chr12_119957972_G_A	Pt72_pre	8	0.932001393406	0.0796062022753	0.295918367347	1.08802954986559
60	Pt72_pre:CCDC7:chr10_33134527_A_G	Pt72_pre	8	0.940250419967	0.0618276476862	0.314685314685	1.06143260943195
61	Pt72_pre:CCSER1:chr4_91229782_C_T	Pt72_pre	8	0.962531789926	0.0308444351393	0.391304347826	1.02298688279903
62	Pt72_pre:CDK12:chr17_37619027_G_A	Pt72_pre	8	0.967199899895	0.0208523062229	0.406542056075	1.00807042009188
63	Pt72_pre:CDK20:chr9_90585743_G_A	Pt72_pre	8	0.959735413902	0.0341553531694	0.359788359788	1.02667990611402
64	Pt72_pre:CDS1:chr4_85564246_C_T	Pt72_pre	19	0.886452176414	0.129170292034	0.27027027027	1.13962594880064
65	Pt72_pre:CEACAM5:chr19_42224017_G_A	Pt72_pre	9	0.920623073496	0.0729169398978	0.306859205776	1.06354027569569
66	Pt72_pre:CEL:chr9_135940492_G_A	Pt72_pre	8	0.96990096057	0.0160588444175	0.455696202532	1.0013762956283
67	Pt72_pre:CFAP46:chr10_134679623_G_A	Pt72_pre	8	0.96743443028	0.0214132933076	0.846153846154	1.0094044851629
68	Pt72_pre:CFAP54:chr12_97079001_C_T	Pt72_pre	8	0.964600568145	0.0266027042727	0.396551724138	1.01674186851949
69	Pt72_pre:CFH:chr1_196714991_G_A	Pt72_pre	8	0.961852763832	0.0440816435694	0.276729559748	1.04825278522802
70	Pt72_pre:CHFR:chr12_133446216_G_A	Pt72_pre	8	0.959609515181	0.0355015491172	0.362962962963	1.02919255145071
71	Pt72_pre:CHGA:chr14_93396070_G_T	Pt72_pre	8	0.968504010619	0.0181208446954	0.42523364486	1.00402086622198
72	Pt72_pre:CKAP4:chr12_106634090_G_A	Pt72_pre	8	0.966359314813	0.0234910669037	0.455882352941	1.01240180594425
73	Pt72_pre:CLCA4:chr1_87031503_G_A	Pt72_pre	8	0.958827216829	0.0437812686519	0.4	1.04463850338672
74	Pt72_pre:CLCA4:chr1_87040283_G_A	Pt72_pre	8	0.961376274942	0.0316615589545	0.367256637168	1.02343293049282
75	Pt72_pre:CLIP4:chr2_29386781_C_T	Pt72_pre	8	0.964911186827	0.0259827246445	0.394160583942	1.01583732713022
76	Pt72_pre:CNST:chr1_246823609_C_T	Pt72_pre	8	0.970017016745	0.0157752356966	0.735576923077	1.00093647871034
77	Pt72_pre:CNTN4:chr3_3076351_G_A	Pt72_pre	8	0.963837808856	0.0272664903157	0.380090497738	1.01728012987477
78	Pt72_pre:COL15A1:chr9_101748000_C_T	Pt72_pre	23	0.880417781204	0.119939981241	0.279329608939	1.11550014443636
79	Pt72_pre:COL1A2:chr7_94049898_G_A	Pt72_pre	9	0.907914858884	0.0750324307863	0.472972972973	1.05497842322515
80	Pt72_pre:COL27A1:chr9_116931168_C_T	Pt72_pre	8	0.961078259782	0.0324069789713	0.364705882353	1.02459593856575
81	Pt72_pre:COL28A1:chr7_7483238_C_T	Pt72_pre	8	0.968760468357	0.0180048229827	0.611111111111	1.00404992140309
82	Pt72_pre:COL28A1:chr7_7546770_G_A	Pt72_pre	8	0.957759604873	0.0391696434411	0.521739130435	1.03453210601756
83	Pt72_pre:COL5A2:chr2_189929774_C_T	Pt72_pre	8	0.966125367924	0.0231562186597	0.384892086331	1.01151155649701
84	Pt72_pre:CRB1:chr1_197404165_G_A	Pt72_pre	8	0.964639502122	0.0248130347867	0.542319749216	1.01327305030393
85	Pt72_pre:CSMD2:chr1_33989020_C_T	Pt72_pre	8	0.943527631674	0.0703275072899	0.306451612903	1.0813695459622
86	Pt72_pre:CSMD3:chr8_113504766_C_T	Pt72_pre	8	0.965559513359	0.0239186118567	0.653386454183	1.01243999259813
87	Pt72_pre:CST4:chr20_23669426_C_T	Pt72_pre	8	0.968607799648	0.0182228242901	0.424107142857	1.0043245352566
88	Pt72_pre:CUX2:chr12_111785752_C_T	Pt72_pre	8	0.96783949224	0.0199946491231	0.439655172414	1.00702900452128
89	Pt72_pre:CXCL9:chr4_76925993_A_T	Pt72_pre	8	0.936021956014	0.0822238433735	0.294117647059	1.09718068902606
90	Pt72_pre:CXCR5:chr11_118764504_G_A	Pt72_pre	8	0.965180428366	0.02563863776	0.39837398374	1.0154321583756
91	Pt72_pre:CYLC2:chr9_105765442_A_T	Pt72_pre	8	0.967514684025	0.0207598693745	0.447916666667	1.00820402799902
92	Pt72_pre:CYP4F2:chr19_15989747_C_T	Pt72_pre	12	0.908921670303	0.105217935403	0.282051282051	1.11514882369288
93	Pt72_pre:DDX28:chr16_68055735_G_A	Pt72_pre	8	0.951063861285	0.0456177658185	0.338164251208	1.04047468228926
94	Pt72_pre:DDX60L:chr4_169315738_A_T	Pt72_pre	8	0.951326605764	0.051164491232	0.329268292683	1.05160900857872
95	Pt72_pre:DDX6:chr11_118634016_C_T	Pt72_pre	8	0.940447723991	0.0616775725597	0.314685314685	1.06133576620801
96	Pt72_pre:DEFB114:chr6_49928089_C_G	Pt72_pre	28	0.774895191876	0.192178597525	0.23595505618	1.151565243025
97	Pt72_pre:DENND2C:chr1_115166224_G_A	Pt72_pre	24	0.881915674743	0.12139019023	0.277108433735	1.1198404475938
98	Pt72_pre:DEPDC7:chr11_33050307_C_T	Pt72_pre	8	0.957871052072	0.0395742706807	0.355555555556	1.03543662260617
99	Pt72_pre:DHRS12:chr13_52342358_C_T	Pt72_pre	8	0.968171669061	0.019157612348	0.419512195122	1.00572058926308
100	Pt72_pre:DLG1:chr3_196842913_A_T	Pt72_pre	8	0.966079445608	0.0236354242532	0.417475728155	1.01240487714427
101	Pt72_pre:DNAAF5:chr7_796422_A_T	Pt72_pre	8	0.967526322408	0.0202478257885	0.5875	1.00721206095346
102	Pt72_pre:DNAH6:chr2_84811345_G_A	Pt72_pre	8	0.959109603061	0.0361205782254	0.363636363636	1.02990593638278
103	Pt72_pre:DNAJA1:chr9_33037076_G_A	Pt72_pre	13	0.906323302136	0.11199166571	0.277227722772	1.1258269669276
104	Pt72_pre:DNMBP:chr10_101654768_G_A	Pt72_pre	8	0.953982602048	0.0400876034802	0.555555555556	1.03255430486919
105	Pt72_pre:DOCK3:chr3_51196675_G_A	Pt72_pre	8	0.94326611644	0.0627142472098	0.313131313131	1.06618604097121
106	Pt72_pre:DOK5:chr20_53227033_C_T	Pt72_pre	8	0.942657013495	0.11199103166	0.188235294118	1.1621594355486
107	Pt72_pre:DOPEY1:chr6_83848164_A_C	Pt72_pre	8	0.96545191414	0.0253895958059	0.403225806452	1.01521552191956
108	Pt72_pre:DST:chr6_56434764_C_G	Pt72_pre	7	0.690075632979	0.203769656143	0.203125	1.08946415901928
109	Pt72_pre:DST:chr6_56458484_G_A	Pt72_pre	8	0.956430383541	0.0494847322723	0.363636363636	1.05342045879471
110	Pt72_pre:DTL:chr1_212274349_G_T	Pt72_pre	8	0.953125522213	0.0596327079637	0.253623188406	1.07000562982185
111	Pt72_pre:DTWD2:chr5_118176710_C_T	Pt72_pre	8	0.967827810086	0.020166462376	0.43137254902	1.00735407634296
112	Pt72_pre:EAF1:chr3_15475899_C_T	Pt72_pre	8	0.952981228444	0.0428320858703	0.342857142857	1.03693211674979
113	Pt72_pre:EAF2:chr3_121573585_A_T	Pt72_pre	21	0.864629553174	0.160353528121	0.246153846154	1.17892246829116
114	Pt72_pre:EFHC1:chr6_52288888_C_T	Pt72_pre	8	0.947331604147	0.0494446913647	0.33023255814	1.04424319922181
115	Pt72_pre:EFHC1:chr6_52319067_G_A	Pt72_pre	6	0.648432173519	0.161743103736	0.237837837838	0.96544865684156
116	Pt72_pre:EIF2AK2:chr2_37347173_C_T	Pt72_pre	8	0.955607411122	0.0447342801518	0.341772151899	1.04328660021953
117	Pt72_pre:ELAVL2:chr9_23762043_C_T	Pt72_pre	8	0.959744001582	0.0360907308071	0.368421052632	1.03048183396392
118	Pt72_pre:ENO1:chr1_8927178_G_A	Pt72_pre	8	0.964341160275	0.0274051948988	0.421875	1.01805534227665
119	Pt72_pre:EPHB1:chr3_134670541_T_G	Pt72_pre	8	0.967310411602	0.0213581585791	0.413173652695	1.00917240241704
120	Pt72_pre:EPHB3:chr3_184298805_G_A	Pt72_pre	8	0.942358108053	0.0696242610451	0.304347826087	1.0788216597014
121	Pt72_pre:EWSR1:chr22_29694753_C_T	Pt72_pre	8	0.966566831826	0.0227793765873	0.408536585366	1.01121440993711
122	Pt72_pre:EXPH5:chr11_108384807_C_T	Pt72_pre	8	0.963956755755	0.0282677569828	0.388888888889	1.01936155944129
123	Pt72_pre:F13B:chr1_197029525_C_T	Pt72_pre	8	0.928942100163	0.0869121367465	0.218487394958	1.09928988818614
124	Pt72_pre:FAAH:chr1_46871396_G_A	Pt72_pre	8	0.967200004233	0.0209727731713	0.401606425703	1.00830663964875
125	Pt72_pre:FAM110A:chr20_825830_G_A	Pt72_pre	8	0.946626451372	0.0660925209214	0.311111111111	1.07616779237794
126	Pt72_pre:FAM135B:chr8_139160799_C_A	Pt72_pre	11	0.880952301891	0.181680116019	0.153005464481	1.23704532928824
127	Pt72_pre:FAM169B:chr15_98995111_G_A	Pt72_pre	8	0.965534164087	0.0248912070861	0.405172413793	1.01432092997576
128	Pt72_pre:FAM216B:chr13_43358207_G_A	Pt72_pre	8	0.968599797725	0.0187570521534	0.507042253521	1.00536361994566
129	Pt72_pre:FAM64A:chr17_6348564_C_T	Pt72_pre	8	0.966777120764	0.0219517282013	0.41935483871	1.00980250803855
130	Pt72_pre:FAM65C:chr20_49214166_C_T	Pt72_pre	8	0.929170905359	0.132114918628	0.149681528662	1.18811614586988
131	Pt72_pre:FANCE:chr6_35427220_C_T	Pt72_pre	9	0.929482836192	0.0616690105577	0.321759259259	1.05035409688509
132	Pt72_pre:FBXW8:chr12_117383302_C_T	Pt72_pre	8	0.958344778182	0.0398280116389	0.359375	1.03640768099424
133	Pt72_pre:FCHO2:chr5_72333011_A_T	Pt72_pre	8	0.959585833274	0.0379623092771	0.365079365079	1.03399195945712
134	Pt72_pre:FLI1:chr11_128638150_G_A	Pt72_pre	9	0.924886823345	0.0695515303864	0.30888030888	1.06120782290234
135	Pt72_pre:FMN1:chr15_33300265_C_A	Pt72_pre	26	0.86247095239	0.140895641643	0.268115942029	1.13862641001028
136	Pt72_pre:FMO3:chr1_171080110_G_A	Pt72_pre	8	0.956493001638	0.0477868498779	0.260089686099	1.05015522739868
137	Pt72_pre:FPGT-TNNI3K:chr1_75009625_C_T	Pt72_pre	8	0.955251455844	0.0463087628933	0.344827586207	1.04601663111487
138	Pt72_pre:FRMD1:chr6_168479564_C_T	Pt72_pre	8	0.963779294253	0.029390743187	0.431818181818	1.02138515089952
139	Pt72_pre:FST:chr5_52780898_G_A	Pt72_pre	8	0.962856274888	0.0284677755618	0.37	1.01865311498913
140	Pt72_pre:FUT8:chr14_66096287_T_C	Pt72_pre	8	0.940448328727	0.0621246539658	0.315068493151	1.06221265049997
141	Pt72_pre:GABRB2:chr5_160753406_C_T	Pt72_pre	8	0.966022170324	0.0241295623051	0.413461538462	1.013316112442
142	Pt72_pre:GABRB2:chr5_160886693_C_T	Pt72_pre	8	0.945820039783	0.0510463558587	0.330275229358	1.04587089726605
143	Pt72_pre:GABRG3:chr15_27574007_A_T	Pt72_pre	8	0.965418391153	0.0249758854004	0.391812865497	1.01437112653778
144	Pt72_pre:GABRR2:chr6_89977766_C_T	Pt72_pre	8	0.965902552132	0.0232869569832	0.388059701493	1.01154498781907
145	Pt72_pre:GALNT7:chr4_174223254_T_C	Pt72_pre	8	0.958373915902	0.0373639810827	0.357142857143	1.03160731882409
146	Pt72_pre:GANAB:chr11_62402357_G_A	Pt72_pre	8	0.946940031263	0.0562313866122	0.319587628866	1.05715354902291
147	Pt72_pre:GCDH:chr19_13008184_G_A	Pt72_pre	8	0.968315329635	0.0186137074712	0.412451361868	1.00479819627855
148	Pt72_pre:GCM2:chr6_10874514_G_A	Pt72_pre	8	0.950669055822	0.0459285508316	0.337837837838	1.04068901545194
149	Pt72_pre:GFRAL:chr6_55216296_C_A	Pt72_pre	8	0.96605727303	0.0234369067692	0.401129943503	1.01199361029763
150	Pt72_pre:GGT5:chr22_24616000_C_T	Pt72_pre	8	0.949137311185	0.0492884282193	0.328767123288	1.04574263049483
151	Pt72_pre:GJD2:chr15_35045101_G_A	Pt72_pre	8	0.961752870817	0.0310804663366	0.372549019608	1.02267058483674
152	Pt72_pre:GLRB:chr4_158074043_G_A	Pt72_pre	8	0.967565453454	0.0200914894249	0.397923875433	1.0069447727268
153	Pt72_pre:GLYATL3:chr6_49483414_G_A	Pt72_pre	8	0.933610199339	0.0710886699508	0.305970149254	1.07294399244257
154	Pt72_pre:GNAS:chr20_57415855_G_A	Pt72_pre	15	0.873545155023	0.192163704589	0.0761200521966	1.25018601601744
155	Pt72_pre:GOLGB1:chr3_121415913_T_C	Pt72_pre	8	0.9668708376	0.0213446907156	0.410404624277	1.00870643140258
156	Pt72_pre:GPATCH1:chr19_33592449_C_T	Pt72_pre	8	0.946978126855	0.0532749174574	0.325396825397	1.0513969650715
157	Pt72_pre:GPR149:chr3_154056017_C_T	Pt72_pre	8	0.963373537602	0.0301211772932	0.406779661017	1.02241104509667
158	Pt72_pre:GPR156:chr3_119887173_A_C	Pt72_pre	8	0.9652068789	0.0253614403616	0.394904458599	1.01491530200874
159	Pt72_pre:GRID1:chr10_87407104_C_A	Pt72_pre	8	0.96641841366	0.0220271151976	0.62	1.0095915594473
160	Pt72_pre:GRM5:chr11_88301126_C_T	Pt72_pre	8	0.964542473438	0.0278333653633	0.418918918919	1.01909586955007
161	Pt72_pre:GTF2B:chr1_89325639_C_T	Pt72_pre	8	0.962767230658	0.0299235074204	0.377777777778	1.02141730520198
162	Pt72_pre:GTF2IRD1:chr7_73950544_C_T	Pt72_pre	8	0.951332600755	0.0822434256992	0.330188679245	1.11252971512543
163	Pt72_pre:GYS2:chr12_21721874_G_A	Pt72_pre	8	0.966434008405	0.0222907945298	0.394849785408	1.01012396568341
164	Pt72_pre:HABP2:chr10_115340385_T_A	Pt72_pre	9	0.929087887958	0.0669183560902	0.5	1.06024786589479
165	Pt72_pre:HAUS3:chr4_2242465_G_A	Pt72_pre	8	0.961035523835	0.0327836843898	0.371681415929	1.02529154523901
166	Pt72_pre:HECTD4:chr12_112645702_G_A	Pt72_pre	8	0.96656505315	0.0230053027983	0.414634146341	1.01165544663467
167	Pt72_pre:HNRNPA2B1:chr7_26236633_G_A	Pt72_pre	8	0.963910093746	0.0274848127047	0.558139534884	1.01778032664721
168	Pt72_pre:HOXD10:chr2_176982104_C_A	Pt72_pre	8	0.969678985939	0.0159633152892	0.420856610801	1.00096708390583
169	Pt72_pre:HRNR:chr1_152185996_A_C	Pt72_pre	8	0.9283780176	0.115849341704	0.2	1.15544272733984
170	Pt72_pre:HTRA2:chr2_74757218_C_A	Pt72_pre	8	0.963409453115	0.0295890030728	0.425531914894	1.02140389913769
171	Pt72_pre:HTT:chr4_3190677_G_C	Pt72_pre	8	0.945992945249	0.0673275922068	0.313725490196	1.07795502597433
172	Pt72_pre:ICE1:chr5_5461797_G_A	Pt72_pre	8	0.958488992769	0.036588818308	0.357954545455	1.03020307665268
173	Pt72_pre:IFNLR1:chr1_24484044_G_A	Pt72_pre	8	0.96222267346	0.0328840249195	0.4375	1.02667536230222
174	Pt72_pre:IGFBP2:chr2_217525498_C_T	Pt72_pre	8	0.943114870667	0.0545718555859	0.32380952381	1.05007570761536
175	Pt72_pre:IGSF21:chr1_18691730_G_A	Pt72_pre	8	0.964623563429	0.0273739493834	0.461538461538	1.01827650422046
176	Pt72_pre:IGSF5:chr21_41164011_G_A	Pt72_pre	8	0.961657369134	0.0322341138561	0.375	1.02483623229196
177	Pt72_pre:IL31RA:chr5_55206459_G_A	Pt72_pre	8	0.96935696582	0.0165203631011	0.430034129693	1.00173687749816
178	Pt72_pre:INVS:chr9_103054698_C_T	Pt72_pre	8	0.966925018667	0.0217253649254	0.40206185567	1.00950673392078
179	Pt72_pre:IPMK:chr10_59975991_G_A	Pt72_pre	8	0.950248082895	0.0510577365919	0.529411764706	1.05032124661512
180	Pt72_pre:ITGA10:chr1_145535796_G_A	Pt72_pre	8	0.953438131838	0.0401032766414	0.51724137931	1.03204055405514
181	Pt72_pre:ITGA1:chr5_52235755_G_A	Pt72_pre	8	0.929028721298	0.0759485131171	0.303225806452	1.07788780700752
182	Pt72_pre:ITGB4:chr17_73720799_C_T	Pt72_pre	8	0.952911009923	0.0407328358332	0.346560846561	1.03274736815607
183	Pt72_pre:JRKL:chr11_96125095_C_T	Pt72_pre	5	0.640047039759	0.166862955024	0.229166666667	0.96709843160604
184	Pt72_pre:KALRN:chr3_124201707_A_G	Pt72_pre	8	0.942697913046	0.0585150908942	0.317567567568	1.05738749119863
185	Pt72_pre:KCNH1:chr1_211263994_G_A	Pt72_pre	8	0.911822987888	0.12703640833	0.195402298851	1.1608143482148
186	Pt72_pre:KCNJ1:chr11_128710122_C_T	Pt72_pre	8	0.96522978849	0.0255513772334	0.390532544379	1.01531048786746
187	Pt72_pre:KCNK5:chr6_39158968_C_T	Pt72_pre	8	0.966631267463	0.0220527071995	0.4	1.00985457357402
188	Pt72_pre:KCNT1:chr9_138676637_C_T	Pt72_pre	8	0.965293977122	0.0253120876856	0.398550724638	1.01490566898578
189	Pt72_pre:KEL:chr7_142641829_C_T	Pt72_pre	8	0.95089274121	0.0428498808467	0.512315270936	1.03487850766953
190	Pt72_pre:KIAA0753:chr17_6531751_G_A	Pt72_pre	8	0.966742491845	0.0224889935056	0.412587412587	1.01082091911598
191	Pt72_pre:KIAA0825:chr5_93856166_A_G	Pt72_pre	8	0.969643610329	0.0167736010572	0.509803921569	1.00251986840111
192	Pt72_pre:KIAA1324:chr1_109737184_C_T	Pt72_pre	8	0.963276048478	0.0283205708617	0.381679389313	1.01878436736693
193	Pt72_pre:KIAA1524:chr3_108308153_C_T	Pt72_pre	8	0.926770957624	0.0851495044735	0.291262135922	1.09366398639206
194	Pt72_pre:KIF3B:chr20_30919040_G_A	Pt72_pre	8	0.959091907933	0.036377892232	0.364864864865	1.03039257670772
195	Pt72_pre:KIF4B:chr5_154394333_G_A	Pt72_pre	8	0.965960259406	0.0236082691526	0.395939086294	1.0122324669451
196	Pt72_pre:KIF4B:chr5_154396864_G_A	Pt72_pre	8	0.967214400234	0.0206736553664	0.391044776119	1.00773476475214
197	Pt72_pre:KIR3DL2:chr19_55378186_G_T	Pt72_pre	8	0.969880353361	0.0165834817206	0.567567567568	1.00238397753338
198	Pt72_pre:KLF9:chr9_73028188_G_A	Pt72_pre	8	0.963371579564	0.0284160079129	0.38679245283	1.01906695507328
199	Pt72_pre:KRT10:chr17_38975380_G_T	Pt72_pre	8	0.969199816547	0.0167175208152	0.425742574257	1.00196615734479
200	Pt72_pre:KRT77:chr12_53086330_G_A	Pt72_pre	8	0.96872333041	0.0177240469931	0.430051813472	1.00346246251648
201	Pt72_pre:KRTAP12-4:chr21_46074482_G_A	Pt72_pre	8	0.959009119205	0.0398124988737	0.377358490566	1.03704161699745
202	Pt72_pre:KRTAP5-4:chr11_1643016_G_A	Pt72_pre	2	0.471827804734	0.0796578961249	0.140350877193	0.627957281138804
203	Pt72_pre:KXD1:chr19_18672940_A_C	Pt72_pre	8	0.964635487287	0.0267691837552	0.405940594059	1.01710308744719
204	Pt72_pre:L3MBTL4:chr18_5969550_C_T	Pt72_pre	8	0.962475260953	0.0308970202917	0.396551724138	1.02303342072473
205	Pt72_pre:LARGE:chr22_33700292_C_T	Pt72_pre	8	0.966410418898	0.0223912199373	0.389961389961	1.01029720997511
206	Pt72_pre:LCT:chr2_136567299_G_A	Pt72_pre	8	0.96772758445	0.020220008542	0.415730337079	1.00735880119232
207	Pt72_pre:LGR6:chr1_202183332_C_T	Pt72_pre	8	0.956883036861	0.0470875150936	0.529411764706	1.04917456644446
208	Pt72_pre:LILRA4:chr19_54844871_C_T	Pt72_pre	8	0.959402585058	0.0372225140942	0.368421052632	1.03235871268263
209	Pt72_pre:LINC00619:chr10_44345121_G_T	Pt72_pre	8	0.969241366672	0.0171813700684	0.669902912621	1.00291685200606
210	Pt72_pre:LMBR1:chr7_156555828_G_A	Pt72_pre	8	0.937483004805	0.0928678995551	0.21875	1.119504087933
211	Pt72_pre:LMNA:chr1_156106794_C_T	Pt72_pre	8	0.943478631157	0.0486127903075	0.506375227687	1.0387597001597
212	Pt72_pre:LMNB2:chr19_2431864_G_A	Pt72_pre	8	0.946723195333	0.0505704715901	0.33014354067	1.0458413196496
213	Pt72_pre:LNX2:chr13_28136777_G_A	Pt72_pre	8	0.966110927835	0.0234806869282	0.4140625	1.01213307421427
214	Pt72_pre:LRP2:chr2_170097612_G_A	Pt72_pre	8	0.961956069998	0.0341563638408	0.4	1.02890254312597
215	Pt72_pre:LRRC17:chr7_102584786_G_A	Pt72_pre	8	0.945328287629	0.0975475659153	0.346456692913	1.13652151682299
216	Pt72_pre:LRRTM4:chr2_77746319_G_A	Pt72_pre	8	0.967345091403	0.0211658568447	0.452380952381	1.00883017081861
217	Pt72_pre:LTA4H:chr12_96421259_G_A	Pt72_pre	8	0.956445661042	0.0435477787901	0.358208955224	1.0417993074706
218	Pt72_pre:LZTR1:chr22_21345918_T_G	Pt72_pre	8	0.967696619404	0.0206125754176	0.530612244898	1.0080972672225
219	Pt72_pre:MAP1A:chr15_43819102_C_T	Pt72_pre	8	0.969008208596	0.0175184450998	0.675324675325	1.00334436099161
220	Pt72_pre:MAP3K9:chr14_71197560_G_A	Pt72_pre	8	0.932950865058	0.0841227100987	0.294871794872	1.09783137685145
221	Pt72_pre:MASP2:chr1_11097823_G_A	Pt72_pre	8	0.96204108548	0.0321718538764	0.38	1.02509791907774
222	Pt72_pre:MCM2:chr3_127323898_C_T	Pt72_pre	8	0.938522378874	0.0591696680731	0.31981981982	1.05449492829728
223	Pt72_pre:MCM7:chr7_99696774_C_A	Pt72_pre	8	0.946139149738	0.0612437124541	0.236559139785	1.06617682614804
224	Pt72_pre:MED13:chr17_60106950_G_A	Pt72_pre	8	0.958273101931	0.0367948665768	0.359375	1.03039104042153
225	Pt72_pre:MFSD1:chr3_158539802_C_T	Pt72_pre	8	0.968964386348	0.0178487910935	0.451612903226	1.00394801689126
226	Pt72_pre:MOGAT3:chr7_100839372_G_A	Pt72_pre	8	0.922971114761	0.0911853629478	0.443181818182	1.10169442613869
227	Pt72_pre:MPP7:chr10_28409267_G_A	Pt72_pre	8	0.967303618708	0.0214515650287	0.435185185185	1.00934868616425
228	Pt72_pre:MPPE1:chr18_11885734_G_A	Pt72_pre	8	0.952043092382	0.0452265208171	0.337142857143	1.04068707318352
229	Pt72_pre:MROH2B:chr5_41008738_C_T	Pt72_pre	8	0.969153178615	0.0177319751961	0.535211267606	1.00390784999936
230	Pt72_pre:MROH2B:chr5_41055931_C_T	Pt72_pre	8	0.961718130091	0.0320480439945	0.37323943662	1.02453229632022
231	Pt72_pre:MSLN:chr16_812718_G_A	Pt72_pre	8	0.96561424622	0.025247772384	0.413461538462	1.01509988009264
232	Pt72_pre:MSX2:chr5_174151988_C_T	Pt72_pre	8	0.944653641433	0.0506259118098	0.330855018587	1.04388042858021
233	Pt72_pre:MUC16:chr19_9067380_G_A	Pt72_pre	8	0.950950650561	0.0524850709923	0.329268292683	1.05382138970591
234	Pt72_pre:MUC16:chr19_9068798_T_A	Pt72_pre	8	0.968076468527	0.0196855463069	0.43795620438	1.00666013928852
235	Pt72_pre:MUC19:chr12_40839374_C_T	Pt72_pre	8	0.94337544133	0.0601795805849	0.316666666667	1.0613274192764
236	Pt72_pre:MYH2:chr17_10430031_C_T	Pt72_pre	8	0.964873951034	0.0250431238116	0.379220779221	1.01395847370474
237	Pt72_pre:MYH2:chr17_10441036_C_G	Pt72_pre	8	0.968338481674	0.0185180037539	0.40281030445	1.00463376903164
238	Pt72_pre:MYLK2:chr20_30408054_G_A	Pt72_pre	8	0.954292354388	0.0403665607575	0.347826086957	1.0334108134727
239	Pt72_pre:MYO18B:chr22_26164364_G_A	Pt72_pre	8	0.959372784756	0.03537173193	0.363636363636	1.0287013793388
240	Pt72_pre:MYO7A:chr11_76914146_A_G	Pt72_pre	8	0.956365625899	0.0400795792326	0.348993288591	1.0349216011949
241	Pt72_pre:MYO7B:chr2_128392802_G_A	Pt72_pre	8	0.964117616307	0.0270305612131	0.392307692308	1.01709751628468
242	Pt72_pre:NBEA:chr13_35770307_A_T	Pt72_pre	8	0.956430005751	0.0381214558266	0.351851851852	1.03114805917114
243	Pt72_pre:NCAPH2:chr22_50960221_G_C	Pt72_pre	8	0.961739136127	0.0305654119775	0.369458128079	1.0216473436029
244	Pt72_pre:NEB:chr2_152466565_G_A	Pt72_pre	8	0.966277241923	0.0233453838673	0.419642857143	1.01203419430291
245	Pt72_pre:NEBL:chr10_21097477_G_A	Pt72_pre	8	0.968541953582	0.0180725816502	0.416666666667	1.00396421361639
246	Pt72_pre:NGF:chr1_115829307_C_T	Pt72_pre	8	0.970295894869	0.0152183638601	0.444730077121	1.0001238880348
247	Pt72_pre:NPY4R:chr10_47087660_G_A	Pt72_pre	2	0.508743730014	0.0533754626806	0.269896193772	0.613359636867976
248	Pt72_pre:NRXN2:chr11_64374682_C_T	Pt72_pre	8	0.966646929145	0.0230889377935	0.424528301887	1.01190124722026
249	Pt72_pre:NTRK2:chr9_87563477_T_C	Pt72_pre	8	0.967775062367	0.0200483735284	0.411483253589	1.00706987448266
250	Pt72_pre:NUAK1:chr12_106461311_C_T	Pt72_pre	8	0.967890026002	0.0194309777691	0.40251572327	1.00597474242944
251	Pt72_pre:NUP210L:chr1_154112394_G_A	Pt72_pre	8	0.953684361962	0.0751950258624	0.320388349515	1.1010666126523
252	Pt72_pre:ONECUT3:chr19_1775410_C_T	Pt72_pre	8	0.955604277806	0.0453007908407	0.348484848485	1.04439382785377
253	Pt72_pre:OR10AG1:chr11_55735081_C_T	Pt72_pre	8	0.966410222223	0.0236948286592	0.472727272727	1.01285208639503
254	Pt72_pre:OR10J5:chr1_159505680_C_A	Pt72_pre	8	0.953296959123	0.0603723875013	0.258928571429	1.07162683862555
255	Pt72_pre:OR2F1:chr7_143657103_C_T	Pt72_pre	8	0.943229714597	0.0829831087059	0.22972972973	1.10587660766056
256	Pt72_pre:OR2T27:chr1_248814020_G_A	Pt72_pre	8	0.926094300847	0.110155497531	0.365384615385	1.14199907600776
257	Pt72_pre:OR4C15:chr11_55322440_C_T	Pt72_pre	8	0.96683408485	0.0217100988153	0.409090909091	1.00938587852799
258	Pt72_pre:OR51B2:chr11_5344684_G_A	Pt72_pre	8	0.967982922379	0.0198081661012	0.448275862069	1.00680692793735
259	Pt72_pre:OR52A1:chr11_5173160_C_T	Pt72_pre	8	0.968711669689	0.0185779286106	0.469026548673	1.00512440976578
260	Pt72_pre:OR5P2:chr11_7818450_C_T	Pt72_pre	8	0.965125919377	0.0265095402314	0.422535211268	1.01708461823054
261	Pt72_pre:OTOG:chr11_17598128_G_A	Pt72_pre	8	0.947912549083	0.0468966201415	0.335740072202	1.03982992456034
262	Pt72_pre:OTOS:chr2_241078654_C_T	Pt72_pre	8	0.968424214106	0.0189383159622	0.671875	1.00554331339191
263	Pt72_pre:PA2G4:chr12_56500501_G_A	Pt72_pre	29	0.745026569725	0.226271507338	0.171428571429	1.18851872410748
264	Pt72_pre:PAK1IP1:chr6_10704880_C_G	Pt72_pre	8	0.965183673631	0.0258254195918	0.423076923077	1.01580149603093
265	Pt72_pre:PALM2-AKAP2:chr9_112899070_C_T	Pt72_pre	8	0.963001675583	0.0288541704495	0.373831775701	1.01955584966402
266	Pt72_pre:PALM:chr19_726173_G_A	Pt72_pre	8	0.960166022467	0.0352543604889	0.366336633663	1.02926456902524
267	Pt72_pre:PARD3:chr10_34671575_G_A	Pt72_pre	8	0.963635802555	0.0303389146618	0.409836065574	1.02310007529213
268	Pt72_pre:PCDH17:chr13_58208440_C_T	Pt72_pre	1	0.126413283576	0.0250496678144	0.0384615384615	0.175510632492224
269	Pt72_pre:PCDH17:chr13_58209145_A_G	Pt72_pre	8	0.959618446456	0.0364889685809	0.371428571429	1.03113682487456
270	Pt72_pre:PCDH18:chr4_138451965_T_A	Pt72_pre	8	0.962791336131	0.031156041593	0.391891891892	1.02385717765328
271	Pt72_pre:PCDHB6:chr5_140531162_G_C	Pt72_pre	8	0.968791436908	0.0171579034547	0.406181015453	1.00242092767921
272	Pt72_pre:PCDHGA1:chr5_140711636_C_T	Pt72_pre	8	0.962375266132	0.0300012014123	0.375	1.02117762090011
273	Pt72_pre:PCDHGA7:chr5_140764159_C_T	Pt72_pre	8	0.964001099394	0.0272508953143	0.379888268156	1.01741285421003
274	Pt72_pre:PCK1:chr20_56136651_G_A	Pt72_pre	8	0.913556565066	0.152666520532	0.140845070423	1.21278294530872
275	Pt72_pre:PCLO:chr7_82583763_G_A	Pt72_pre	8	0.950586398443	0.088072353531	0.331325301205	1.12320821136376
276	Pt72_pre:PCMTD1:chr8_52732996_G_A	Pt72_pre	8	0.933437741102	0.0675490845267	0.570469798658	1.06583394677433
277	Pt72_pre:PCSK9:chr1_55509558_G_A	Pt72_pre	8	0.958573903798	0.0356492777856	0.358139534884	1.02844648825778
278	Pt72_pre:PDGFRL:chr8_17486226_T_A	Pt72_pre	8	0.96481573657	0.0254787535075	0.380733944954	1.0147540934447
279	Pt72_pre:PEAR1:chr1_156877985_C_T	Pt72_pre	8	0.965459441012	0.0250243190607	0.588235294118	1.01450710637097
280	Pt72_pre:PEG3:chr19_57326749_G_T	Pt72_pre	8	0.964068635541	0.027522213296	0.387096774194	1.01801217360116
281	Pt72_pre:PI4KB:chr1_151288330_G_A	Pt72_pre	8	0.963528320267	0.0281307629697	0.566265060241	1.01866461568761
282	Pt72_pre:PIK3C2B:chr1_204423863_C_T	Pt72_pre	8	0.955942606384	0.0396366679152	0.518072289157	1.03363047549779
283	Pt72_pre:PIK3CB:chr3_138474628_A_G	Pt72_pre	8	0.959819558226	0.0337265156539	0.361581920904	1.02592352890764
284	Pt72_pre:PITPNM2:chr12_123481061_G_A	Pt72_pre	27	0.851479538994	0.130665784385	0.276422764228	1.1075844763886
285	Pt72_pre:PKD1L2:chr16_81253827_C_T	Pt72_pre	8	0.957714751414	0.0354540516612	0.354838709677	1.02720469266995
286	Pt72_pre:PKP3:chr11_397189_G_A	Pt72_pre	8	0.968044083352	0.0195066600578	0.469879518072	1.00627713706529
287	Pt72_pre:PLA2G2C:chr1_20501566_G_C	Pt72_pre	8	0.967052566278	0.0219137868993	0.41958041958	1.01000358860063
288	Pt72_pre:PLK2:chr5_57751945_C_T	Pt72_pre	14	0.904523681306	0.116750047809	0.274725274725	1.13335377501164
289	Pt72_pre:PLK3:chr1_45266193_C_T	Pt72_pre	8	0.96819069429	0.0190553571127	0.43661971831	1.00553919423089
290	Pt72_pre:PM20D1:chr1_205811340_G_A	Pt72_pre	8	0.95850804856	0.0365572823619	0.521428571429	1.03016032198932
291	Pt72_pre:PMF1:chr1_156206180_C_T	Pt72_pre	20	0.884133442912	0.1313266098	0.203761755486	1.14153359812
292	Pt72_pre:PMFBP1:chr16_72164565_C_T	Pt72_pre	8	0.967082881052	0.0215225179825	0.433962264151	1.0092670162977
293	Pt72_pre:PRAMEF1:chr1_12854199_G_A	Pt72_pre	1	0.130841680884	0.0260294170666	0.0588235294118	0.181859338334536
294	Pt72_pre:PRB1:chr12_11506726_C_T	Pt72_pre	10	0.909232953904	0.106967570845	0.280373831776	1.1188893927602
295	Pt72_pre:PRCC:chr1_156756895_C_T	Pt72_pre	8	0.969488880701	0.0168940311956	0.62874251497	1.00260118184438
296	Pt72_pre:PRIM2:chr6_57393147_G_A	Pt72_pre	2	0.505674193783	0.0593412744335	0.178010471204	0.62198309167266
297	Pt72_pre:PRLH:chr2_238475717_C_T	Pt72_pre	1	0.127415180059	0.0248733619414	0.0561797752809	0.176166969464144
298	Pt72_pre:PROS1:chr3_93598059_T_C	Pt72_pre	8	0.967872863101	0.0198227544615	0.429530201342	1.00672546184554
299	Pt72_pre:PROS1:chr3_93605261_A_T	Pt72_pre	8	0.953032004605	0.0444900673319	0.339869281046	1.04023253657552
300	Pt72_pre:PRR23A:chr3_138725001_G_A	Pt72_pre	8	0.944703567022	0.0585098888364	0.314814814815	1.05938294914134
301	Pt72_pre:PRR23B:chr3_138738887_G_A	Pt72_pre	8	0.965959520007	0.0233799759531	0.406504065041	1.01178427287508
302	Pt72_pre:PRSS36:chr16_31157121_C_T	Pt72_pre	8	0.964176894947	0.0290020916747	0.43137254902	1.02102099462941
303	Pt72_pre:PSMC4:chr19_40478060_T_C	Pt72_pre	8	0.957630787988	0.0395838050018	0.355555555556	1.03521504579153
304	Pt72_pre:PSME1:chr14_24607686_G_T	Pt72_pre	8	0.953579740229	0.0436568531326	0.338235294118	1.0391471723689
305	Pt72_pre:PSPC1:chr13_20279916_C_T	Pt72_pre	2	0.542636814688	0.102843432611	0.198412698413	0.74420994260556
306	Pt72_pre:PTEN:chr10_89690805_G_T	Pt72_pre	8	0.96861183941	0.0186257036861	0.659090909091	1.00511821863476
307	Pt72_pre:PTPRT:chr20_40714388_G_A	Pt72_pre	8	0.960990974621	0.0319129249181	0.537931034483	1.02354030746048
308	Pt72_pre:PXDNL:chr8_52339289_C_T	Pt72_pre	8	0.962891653616	0.0290369131711	0.646153846154	1.01980400343136
309	Pt72_pre:PYCR1:chr17_79892943_G_A	Pt72_pre	8	0.966273836618	0.0222546569436	0.386503067485	1.00989296422746
310	Pt72_pre:RAPGEF4:chr2_173782528_A_T	Pt72_pre	8	0.966285181048	0.0233048111896	0.416666666667	1.01196261097962
311	Pt72_pre:RBBP6:chr16_24583503_C_T	Pt72_pre	8	0.963811249517	0.0277821825715	0.383647798742	1.01826432735714
312	Pt72_pre:RDH14:chr2_18736933_G_A	Pt72_pre	8	0.962767980053	0.0294943343368	0.374358974359	1.02057687535313
313	Pt72_pre:RECQL4:chr8_145737639_C_T	Pt72_pre	8	0.958662927607	0.0524440319362	0.216417910448	1.06145323020195
314	Pt72_pre:RFPL4AL1:chr19_56283345_G_A	Pt72_pre	2	0.520264697737	0.0635100765298	0.199152542373	0.644744447735408
315	Pt72_pre:RGPD3:chr2_107040084_G_A	Pt72_pre	8	0.968495065885	0.0185087972244	0.453237410072	1.00477230844482
316	Pt72_pre:RIMBP3C:chr22_21742591_C_T	Pt72_pre	3	0.539836634753	0.147295381536	0.15873015873	0.82853558256356
317	Pt72_pre:RNF113B:chr13_98828662_C_T	Pt72_pre	8	0.953213890193	0.0417104428115	0.344262295082	1.03496635810354
318	Pt72_pre:RNF145:chr5_158621749_G_A	Pt72_pre	1	0.13281824971	0.0390021377564	0.054347826087	0.209262439712544
319	Pt72_pre:ROBO3:chr11_124746309_C_T	Pt72_pre	8	0.941613105881	0.0800720378988	0.294117647059	1.09855430016265
320	Pt72_pre:ROS1:chr6_117710541_C_T	Pt72_pre	8	0.909223185094	0.117794740889	0.271428571429	1.14010087723644
321	Pt72_pre:RYR1:chr19_38991252_C_T	Pt72_pre	8	0.949852672163	0.0463736133089	0.336734693878	1.04074495424844
322	Pt72_pre:SAMD9L:chr7_92761782_C_T	Pt72_pre	8	0.95302122639	0.0802473195723	0.325757575758	1.11030597275171
323	Pt72_pre:SATB2:chr2_200246484_C_T	Pt72_pre	8	0.968460751343	0.0191980130764	0.422924901186	1.00608885697274
324	Pt72_pre:SCIN:chr7_12692242_G_A	Pt72_pre	25	0.841681745872	0.17700176338	0.185628742515	1.1886052020968
325	Pt72_pre:SCN3A:chr2_165946892_G_C	Pt72_pre	8	0.964229639495	0.0271574478551	0.387323943662	1.017458237291
326	Pt72_pre:SEMA3D:chr7_84685101_G_A	Pt72_pre	8	0.950696904689	0.0645647799296	0.246031746032	1.07724387335102
327	Pt72_pre:SERPINA5:chr14_95056500_C_T	Pt72_pre	8	0.945492334048	0.0573134242339	0.3203125	1.05782664554644
328	Pt72_pre:SEZ6:chr17_27308484_C_T	Pt72_pre	17	0.897364518344	0.116812100444	0.27731092437	1.12631623521424
329	Pt72_pre:SEZ6L:chr22_26688627_A_T	Pt72_pre	8	0.962685466157	0.0298729255021	0.375796178344	1.02123640014112
330	Pt72_pre:SFMBT2:chr10_7230696_C_T	Pt72_pre	8	0.967288187018	0.0219025628472	0.536585365854	1.01021721019851
331	Pt72_pre:SGCZ:chr8_13948047_C_T	Pt72_pre	8	0.966880281209	0.0216622136249	0.426086956522	1.0093382199138
332	Pt72_pre:SGOL2:chr2_201436259_C_T	Pt72_pre	8	0.946334067603	0.0591603762568	0.318181818182	1.06228840506633
333	Pt72_pre:SH2D3C:chr9_130529240_G_A	Pt72_pre	8	0.94186159409	0.0706757375561	0.305555555556	1.08038603969996
334	Pt72_pre:SKIV2L2:chr5_54706433_A_T	Pt72_pre	8	0.946375855338	0.0597980345099	0.318181818182	1.0635800029774
335	Pt72_pre:SLC15A5:chr12_16397726_G_A	Pt72_pre	8	0.950542387903	0.0510953678532	0.329787234043	1.05068930889527
336	Pt72_pre:SLC38A1:chr12_46601378_C_T	Pt72_pre	8	0.933969393044	0.0684533529758	0.306666666667	1.06813796487657
337	Pt72_pre:SLC5A4:chr22_32614587_C_T	Pt72_pre	8	0.968917795136	0.0173484772836	0.437837837838	1.00292081061186
338	Pt72_pre:SLC9A5:chr16_67290386_G_A	Pt72_pre	8	0.968820748217	0.0181544667173	0.455223880597	1.00440350298291
339	Pt72_pre:SOX6:chr11_16068227_A_T	Pt72_pre	8	0.957164110789	0.0389244341365	0.3515625	1.03345600169654
340	Pt72_pre:SPI1:chr11_47380443_C_T	Pt72_pre	8	0.968079864627	0.0196375762379	0.446280991736	1.00656951405328
341	Pt72_pre:SPRYD3:chr12_53470957_G_A	Pt72_pre	8	0.967574057951	0.0205160415952	0.404255319149	1.00778549947759
342	Pt72_pre:SRBD1:chr2_45640301_G_A	Pt72_pre	8	0.965755393609	0.0241965360283	0.398692810458	1.01318060422447
343	Pt72_pre:SSBP3:chr1_54871665_T_C	Pt72_pre	1	0.125882774835	0.0236509757339	0.0387596899225	0.172238687273444
344	Pt72_pre:STRC:chr15_43910309_G_A	Pt72_pre	4	0.581333655805	0.115028422467	0.34328358209	0.80678936384032
345	Pt72_pre:STRN4:chr19_47224004_C_T	Pt72_pre	8	0.959224408759	0.0447863178536	0.416666666667	1.04700559175206
346	Pt72_pre:SULT1C2:chr2_108922044_G_A	Pt72_pre	22	0.877032262107	0.118098920165	0.280373831776	1.1085061456304
347	Pt72_pre:SYNE2:chr14_64681102_C_T	Pt72_pre	8	0.967438455799	0.0210100552165	0.413043478261	1.00861816402334
348	Pt72_pre:SYNPO:chr5_150027767_C_T	Pt72_pre	8	0.966506014863	0.0226425717039	0.403726708075	1.01088545540264
349	Pt72_pre:SZT2:chr1_43886510_C_T	Pt72_pre	8	0.96407461654	0.0268196859594	0.375494071146	1.01664120102042
350	Pt72_pre:SZT2:chr1_43893306_C_T	Pt72_pre	8	0.959394882447	0.0334614349182	0.358565737052	1.02497929488667
351	Pt72_pre:TAF4:chr20_60575234_C_A	Pt72_pre	8	0.949382466949	0.107351809578	0.11671686747	1.15979201372188
352	Pt72_pre:TBK1:chr12_64889372_C_T	Pt72_pre	8	0.967764709404	0.0203586186383	0.454545454545	1.00766760193507
353	Pt72_pre:TBPL2:chr14_55903472_C_T	Pt72_pre	8	0.969488652283	0.0163805213627	0.429054054054	1.00159447415389
354	Pt72_pre:TBX18:chr6_85446756_C_T	Pt72_pre	8	0.961882803596	0.0335232739308	0.392857142857	1.02758842050037
355	Pt72_pre:TBX18:chr6_85454016_G_A	Pt72_pre	8	0.965379925671	0.0254025871904	0.403225806452	1.01516899656418
356	Pt72_pre:TDRD15:chr2_21364448_G_A	Pt72_pre	8	0.957243508515	0.0422771298633	0.352941176471	1.04010668304707
357	Pt72_pre:TENM2:chr5_166711883_G_A	Pt72_pre	8	0.970093237177	0.0156349517326	0.489130434783	1.0007377425729
358	Pt72_pre:THAP6:chr4_76452197_C_T	Pt72_pre	8	0.965921318775	0.0243236146799	0.415094339623	1.0135956035476
359	Pt72_pre:THEMIS:chr6_128150713_G_A	Pt72_pre	8	0.965477123621	0.025306036285	0.434782608696	1.0150769547396
360	Pt72_pre:THRAP3:chr1_36752312_C_T	Pt72_pre	8	0.968656630349	0.0183925409288	0.438202247191	1.00470601056945
361	Pt72_pre:TKTL2:chr4_164393475_A_C	Pt72_pre	8	0.960093814683	0.0378754689935	0.393939393939	1.03432973391026
362	Pt72_pre:TLR3:chr4_187003798_G_A	Pt72_pre	8	0.965628733466	0.0238198156432	0.387453874539	1.01231557212667
363	Pt72_pre:TMEM161A:chr19_19231970_G_A	Pt72_pre	8	0.961602902376	0.0339646306157	0.389830508475	1.02817357838277
364	Pt72_pre:TMEM8C:chr9_136389932_G_A	Pt72_pre	8	0.968337419103	0.0192869188963	0.471153846154	1.00613978013975
365	Pt72_pre:TNC:chr9_117827033_C_T	Pt72_pre	8	0.955937736991	0.0397010168979	0.347826086957	1.03375173011088
366	Pt72_pre:TNKS2:chr10_93601098_C_T	Pt72_pre	8	0.964564805868	0.0257824286001	0.622641509434	1.0150983659242
367	Pt72_pre:TNR:chr1_175323599_C_T	Pt72_pre	8	0.959939048051	0.0512678668431	0.287081339713	1.06042406706348
368	Pt72_pre:TNRC6C:chr17_76045898_C_T	Pt72_pre	8	0.95182047869	0.0598068096298	0.34375	1.06904182556441
369	Pt72_pre:TP63:chr3_189612028_C_T	Pt72_pre	8	0.959868333626	0.03416504705	0.358024691358	1.026831825844
370	Pt72_pre:TRIM68:chr11_4623396_G_A	Pt72_pre	8	0.968353412271	0.0192595912835	0.452554744526	1.00610221118666
371	Pt72_pre:TRPM6:chr9_77354638_C_T	Pt72_pre	8	0.944619351205	0.0549094954651	0.323529411765	1.0522419623166
372	Pt72_pre:TSC1:chr9_135771722_G_A	Pt72_pre	8	0.964819303729	0.0261869749203	0.4	1.01614577457279
373	Pt72_pre:TTC21B:chr2_166758402_G_A	Pt72_pre	8	0.963979072383	0.0275715152288	0.388888888889	1.01801924223145
374	Pt72_pre:TTC29:chr4_147824873_C_T	Pt72_pre	8	0.955415015263	0.052160678324	0.357142857143	1.05764994477804
375	Pt72_pre:TTLL10:chr1_1118289_C_T	Pt72_pre	8	0.966224052423	0.0244097474026	0.444444444444	1.0140671573321
376	Pt72_pre:TTN:chr2_179415949_C_T	Pt72_pre	8	0.961867254789	0.0334052400806	0.388059701493	1.02734152534698
377	Pt72_pre:TTN:chr2_179422879_T_A	Pt72_pre	8	0.928165943051	0.0970210919372	0.28	1.11832728324791
378	Pt72_pre:TTN:chr2_179529210_C_T	Pt72_pre	8	0.954252605715	0.0497370924427	0.34375	1.05173730690269
379	Pt72_pre:TTN:chr2_179585761_G_A	Pt72_pre	8	0.958575876137	0.036995329872	0.355555555556	1.03108672268612
380	Pt72_pre:TTN:chr2_179654830_T_A	Pt72_pre	8	0.957534793525	0.0371342781733	0.353591160221	1.03031797874467
381	Pt72_pre:TUBA3D:chr2_132237789_C_T	Pt72_pre	1	0.13028960699	0.0290461627867	0.0540540540541	0.187220086051932
382	Pt72_pre:TUBA3E:chr2_130951892_G_A	Pt72_pre	8	0.96316939749	0.0298676730107	0.40625	1.02171003659097
383	Pt72_pre:UBTD1:chr10_99327836_A_C	Pt72_pre	8	0.963588829664	0.0257705992527	0.596685082873	1.01409920419929
384	Pt72_pre:UFL1:chr6_96996118_C_T	Pt72_pre	8	0.945061251601	0.0592100669616	0.317757009346	1.06111298284574
385	Pt72_pre:UNC13B:chr9_35389949_C_T	Pt72_pre	8	0.968393194548	0.0189400332863	0.45	1.00551565978915
386	Pt72_pre:UNC45B:chr17_33513526_G_A	Pt72_pre	8	0.965231935086	0.0246675243802	0.387755102041	1.01358028287119
387	Pt72_pre:UNC80:chr2_210808230_G_A	Pt72_pre	8	0.963727558772	0.0277123169925	0.384057971014	1.0180437000773
388	Pt72_pre:VIT:chr2_37035974_G_A	Pt72_pre	8	0.960055558223	0.0376480706914	0.384615384615	1.03384577677814
389	Pt72_pre:VPS53:chr17_465792_T_A	Pt72_pre	8	0.967861954445	0.0195012504354	0.405693950178	1.00608440529838
390	Pt72_pre:WDR87:chr19_38382413_C_T	Pt72_pre	8	0.960633436756	0.0326557775433	0.365853658537	1.02463876074087
391	Pt72_pre:WFIKKN2:chr17_48917619_C_T	Pt72_pre	8	0.966934823726	0.0210942321873	0.393939393939	1.00827951881311
392	Pt72_pre:YLPM1:chr14_75276425_C_T	Pt72_pre	8	0.946384597669	0.0653640784599	0.316666666667	1.0744981914504
393	Pt72_pre:ZFP14:chr19_36853076_G_C	Pt72_pre	8	0.922607944339	0.0864769358226	0.293650793651	1.0921027385513
394	Pt72_pre:ZFPM2:chr8_106811000_G_A	Pt72_pre	8	0.959817284763	0.0564401331451	0.235483870968	1.0704399457274
395	Pt72_pre:ZKSCAN7:chr3_44611908_G_T	Pt72_pre	8	0.953065848613	0.0433791383157	0.340425531915	1.03808895971177
396	Pt72_pre:ZNF160:chr19_53573171_G_A	Pt72_pre	8	0.942876448827	0.0678440481461	0.305555555556	1.07585078319336
397	Pt72_pre:ZNF470:chr19_57088461_C_T	Pt72_pre	8	0.961760441743	0.034199908105	0.389830508475	1.0287922616288
398	Pt72_pre:ZNF536:chr19_31039078_G_A	Pt72_pre	8	0.942814252981	0.0562161409273	0.322033898305	1.05299788919851
399	Pt72_pre:ZNF549:chr19_58046551_C_T	Pt72_pre	8	0.953434114794	0.0435565051888	0.339869281046	1.03880486496405
400	Pt72_pre:ZNF607:chr19_38189100_G_A	Pt72_pre	8	0.958875301941	0.0360701224797	0.359712230216	1.02957274200121
401	Pt72_pre:ZNF610:chr19_52869199_C_T	Pt72_pre	8	0.959532238265	0.0372771546899	0.377049180328	1.0325954614572
402	Pt72_pre:ZNF639:chr3_179051123_C_T	Pt72_pre	8	0.963389610976	0.030004068082	0.418181818182	1.02219758441672
403	Pt72_pre:ZNF655:chr7_99161606_C_T	Pt72_pre	8	0.954541717479	0.0731619500395	0.320754716981	1.09793913955642
404	Pt72_pre:ZNF676:chr19_22362997_C_T	Pt72_pre	8	0.96300325809	0.0278435754954	0.372093023256	1.01757666606098
405	Pt72_pre:ZNF780A:chr19_40581700_C_T	Pt72_pre	8	0.96886907897	0.018119758718	0.458015267176	1.00438380605728
406	Pt72_pre:ZNF8:chr19_58806783_G_A	Pt72_pre	8	0.966772089964	0.0228228680793	0.422018348624	1.01150491139943
407	Pt72_pre:ZSCAN10:chr16_3142756_G_A	Pt72_pre	8	0.958694413961	0.0387350897019	0.358208955224	1.03461518977672
