VJcombo	Number_aaCDR3	H_aaCDR3	Hnorm_aaCDR3
TCRBV12-05.TCRBJ01-05	1	0.0	0
TCRBV05-03.TCRBJ02-03	2	0.503258334776	0.503258334776
TCRBV06-02.TCRBJ02-01	14	3.69011651759	0.969207387579
TCRBV06-02.TCRBJ02-03	8	2.59958123065	0.866527076882
TCRBV06-02.TCRBJ02-02	6	2.58496250072	1.0
TCRBV06-02.TCRBJ02-05	6	1.94733879619	0.753333479942
TCRBV06-02.TCRBJ02-04	3	1.58496250072	1.0
TCRBV06-02.TCRBJ02-07	10	2.5478976275	0.766993611759
TCRBV06-02.TCRBJ02-06	2	0.30954342915	0.30954342915
TCRBV05-01.TCRBJ02-03	77	6.17511855036	0.98537240901
TCRBV05-01.TCRBJ02-02	44	4.53478864779	0.830633839667
TCRBV05-01.TCRBJ02-01	63	4.55068299267	0.761330078383
TCRBV04-03.TCRBJ01-06	1	0.0	0
TCRBV10-03.TCRBJ02-07	11	3.05602096806	0.883388170355
TCRBV10-03.TCRBJ02-06	3	0.699857857027	0.441561145269
TCRBV10-03.TCRBJ02-05	6	2.58496250072	1.0
TCRBV10-03.TCRBJ02-04	1	0.0	0
TCRBV20-01.TCRBJ01-01	96	4.46813336253	0.678535885669
TCRBV20-01.TCRBJ01-03	15	2.71640865756	0.695286594565
TCRBV20-01.TCRBJ01-02	89	5.88942832557	0.909461204411
TCRBV20-01.TCRBJ01-05	64	5.54430564602	0.924050941003
TCRBV20-01.TCRBJ01-04	35	1.55359791662	0.302887930241
TCRBV20-01.TCRBJ01-06	39	1.82308280471	0.34492792208
TCRBV27-01.TCRBJ01-06	9	2.72192809489	0.858672711073
TCRBV27-01.TCRBJ01-04	13	2.5880713913	0.699395636311
TCRBV07-06.TCRBJ01-02	1	0.0	0
TCRBV27-01.TCRBJ01-02	25	4.17054377115	0.898077718327
TCRBV07-06.TCRBJ01-04	6	2.40563906223	0.930628224417
TCRBV07-06.TCRBJ01-06	4	2.0	1.0
TCRBV21-01.TCRBJ02-05	2	1.0	1.0
TCRBV07-03.TCRBJ02-06	6	2.52164063634	0.975503759006
TCRBV07-03.TCRBJ02-05	17	3.84566314985	0.940843574415
TCRBV07-03.TCRBJ02-04	2	0.591672778582	0.591672778582
TCRBV21-01.TCRBJ02-01	4	1.92192809489	0.960964047444
TCRBV07-03.TCRBJ02-02	21	3.92603625789	0.893841651226
TCRBV07-03.TCRBJ02-01	27	1.35064481186	0.284053999436
TCRBV21-01.TCRBJ02-02	2	0.591672778582	0.591672778582
TCRBV12-02.TCRBJ02-07	1	0.0	0
TCRBV23-01.TCRBJ01-02	2	0.0914016201474	0.0914016201474
TCRBV23-01.TCRBJ01-01	1	0.0	0
TCRBV28-01.TCRBJ02-01	16	3.82525173729	0.956312934322
TCRBV23-01.TCRBJ01-04	1	0.0	0
TCRBV23-01.TCRBJ01-05	1	0.0	0
TCRBV10-03.TCRBJ02-03	7	2.80735492206	1.0
TCRBV10-03.TCRBJ02-02	6	2.34571928393	0.907448089973
TCRBV10-03.TCRBJ02-01	12	3.32636040795	0.927864770492
TCRBV05-01.TCRBJ02-07	36	4.14922127408	0.802568948858
TCRBV05-01.TCRBJ02-06	8	2.84022392894	0.946741309647
TCRBV05-01.TCRBJ02-05	55	5.6002090291	0.968666422191
TCRBV05-01.TCRBJ02-04	7	2.80735492206	1.0
TCRBV05-01.TCRBJ01-06	14	3.29869544517	0.866400824902
TCRBV10-03.TCRBJ01-04	3	1.40563906223	0.886859507143
TCRBV14-01.TCRBJ02-01	10	2.69546184424	0.811414867283
TCRBV28-01.TCRBJ01-01	32	4.7098671219	0.941973424381
TCRBV14-01.TCRBJ02-03	5	0.895148540888	0.385519492554
TCRBV10-03.TCRBJ01-05	10	2.9708400131	0.894311956262
TCRBV14-01.TCRBJ02-05	6	1.69114141801	0.654222804988
TCRBV14-01.TCRBJ02-04	2	0.970950594455	0.970950594455
TCRBV14-01.TCRBJ02-07	7	2.52439747035	0.899208522055
TCRBV10-03.TCRBJ01-02	5	2.13393756609	0.919036886109
TCRBV28-01.TCRBJ01-03	9	2.97355726228	0.938052875359
TCRBV10-03.TCRBJ01-03	3	1.45914791703	0.920619835714
TCRBV06-06.TCRBJ02-05	9	2.3356468994	0.736814561334
TCRBV06-06.TCRBJ02-04	3	1.06127812446	0.669591945536
TCRBV06-06.TCRBJ02-07	20	2.99799355775	0.693670392457
TCRBV05-08.TCRBJ01-02	12	2.5729060264	0.717693985888
TCRBV06-06.TCRBJ02-01	15	2.60108274758	0.665768002437
TCRBV06-06.TCRBJ02-03	15	3.67531086891	0.940725310569
TCRBV06-06.TCRBJ02-02	11	2.94756230369	0.852036585377
TCRBV05-08.TCRBJ01-05	3	1.5	0.946394630357
TCRBV10-03.TCRBJ01-01	17	3.48154081138	0.851760846912
TCRBV05-08.TCRBJ01-04	5	1.96096404744	0.844541246459
TCRBV07-06.TCRBJ01-01	7	2.60623892865	0.928361037707
TCRBV24-01.TCRBJ01-03	2	0.918295834054	0.918295834054
TCRBV28-01.TCRBJ01-06	17	3.60584681937	0.882172379154
TCRBV07-06.TCRBJ01-03	1	0.0	0
TCRBV27-01.TCRBJ01-05	14	3.16306009118	0.830776262243
TCRBV19-01.TCRBJ01-01	61	5.39214663291	0.909186552363
TCRBV07-06.TCRBJ01-05	1	0.0	0
TCRBV19-01.TCRBJ01-03	13	1.4770917934	0.399166560169
TCRBV19-01.TCRBJ01-02	53	2.16618519107	0.378180040775
TCRBV19-01.TCRBJ01-05	51	5.03829621043	0.888208465812
TCRBV19-01.TCRBJ01-04	13	2.38928352354	0.645675569806
TCRBV19-01.TCRBJ01-06	27	4.45296597394	0.936502908201
TCRBV10-02.TCRBJ01-01	3	1.5	0.946394630357
TCRBV10-02.TCRBJ01-03	1	0.0	0
TCRBV27-01.TCRBJ01-01	21	3.75942806519	0.85590992256
TCRBV10-02.TCRBJ01-05	3	1.52192809489	0.960229717861
TCRBV10-02.TCRBJ01-04	1	0.0	0
TCRBV02-01.TCRBJ01-01	44	2.48781450111	0.45569111858
TCRBV02-01.TCRBJ01-03	12	3.40582225029	0.950030090859
TCRBV02-01.TCRBJ01-02	49	4.58914392307	0.817343024036
TCRBV02-01.TCRBJ01-05	62	1.72483425669	0.289683807315
TCRBV02-01.TCRBJ01-04	19	4.13366068969	0.973100571186
TCRBV02-01.TCRBJ01-06	21	3.50639947385	0.798302840241
TCRBV04-01.TCRBJ01-03	7	2.58496250072	0.920782221162
TCRBV04-01.TCRBJ01-02	25	3.09712757942	0.666930122909
TCRBV04-01.TCRBJ01-01	26	3.57810008806	0.761226672955
TCRBV04-01.TCRBJ01-06	17	1.93697956575	0.473883100832
TCRBV04-01.TCRBJ01-05	22	3.85446202351	0.864339304453
TCRBV04-01.TCRBJ01-04	13	3.625	0.979613309799
TCRBV05-06.TCRBJ02-03	7	2.04107162239	0.727044381298
TCRBV13-01.TCRBJ01-06	2	0.918295834054	0.918295834054
TCRBV13-01.TCRBJ01-04	1	0.0	0
TCRBV13-01.TCRBJ01-03	4	2.0	1.0
TCRBV13-01.TCRBJ01-02	2	0.970950594455	0.970950594455
TCRBV13-01.TCRBJ01-01	5	2.15563906223	0.92838321177
TCRBV11-02.TCRBJ01-04	9	2.55750626263	0.806803398019
TCRBV11-02.TCRBJ01-05	8	2.44144607117	0.813815357055
TCRBV11-02.TCRBJ01-06	10	1.1385904238	0.342749870339
TCRBV11-02.TCRBJ01-01	25	3.83600159516	0.826037981885
TCRBV11-02.TCRBJ01-02	12	3.16307418943	0.882317231712
TCRBV11-02.TCRBJ01-03	9	3.02205520887	0.953352274107
TCRBV07-02.TCRBJ02-04	3	1.5	0.946394630357
TCRBV07-02.TCRBJ02-05	11	3.11991002327	0.901856249005
TCRBV16-01.TCRBJ02-01	1	0.0	0
TCRBV07-02.TCRBJ02-07	15	3.7034651896	0.947931634882
TCRBV16-01.TCRBJ02-07	1	0.0	0
TCRBV07-02.TCRBJ02-01	20	4.20841018727	0.973734429374
TCRBV07-02.TCRBJ02-02	11	3.37355726228	0.975176744093
TCRBV07-02.TCRBJ02-03	18	3.77687372599	0.905741404147
TCRBV16-01.TCRBJ01-05	1	0.0	0
TCRBV21-01.TCRBJ02-07	5	0.644327348528	0.277496684737
TCRBV21-01.TCRBJ02-06	1	0.0	0
TCRBV21-01.TCRBJ01-05	1	0.0	0
TCRBV07-03.TCRBJ02-03	25	2.50556447826	0.539543942764
TCRBV05-08.TCRBJ01-01	6	0.761054629034	0.294416119701
TCRBV05-08.TCRBJ01-03	6	2.298825245	0.889306999371
TCRBV28-01.TCRBJ01-02	36	1.54311579957	0.298479339477
TCRBV28-01.TCRBJ01-05	34	2.096967249	0.412183305203
TCRBV28-01.TCRBJ01-04	14	3.6635327548	0.962225174643
TCRBV05-08.TCRBJ01-06	2	1.0	1.0
TCRBV12-02.TCRBJ02-02	1	0.0	0
TCRBV20-01.TCRBJ02-05	72	3.68381853888	0.597060505276
TCRBV07-07.TCRBJ01-04	1	0.0	0
TCRBV07-07.TCRBJ01-01	3	1.14883485428	0.724834091506
TCRBV12-02.TCRBJ02-01	1	0.0	0
TCRBV10-01.TCRBJ02-02	6	1.78250215176	0.68956596131
TCRBV15-01.TCRBJ01-05	7	2.6635327548	0.948769510359
TCRBV15-01.TCRBJ01-04	6	2.23345859334	0.864019726677
TCRBV15-01.TCRBJ01-06	5	2.18670434591	0.941762301221
TCRBV15-01.TCRBJ01-01	11	2.93149316746	0.847391563304
TCRBV15-01.TCRBJ01-03	4	1.27761343682	0.63880671841
TCRBV15-01.TCRBJ01-02	17	3.83140184539	0.937354538548
TCRBV05-04.TCRBJ02-04	3	1.37095059445	0.864973520718
TCRBV05-04.TCRBJ02-05	17	3.40563906223	0.833191442833
TCRBV05-04.TCRBJ02-06	4	1.92192809489	0.960964047444
TCRBV05-04.TCRBJ02-07	11	3.27095059445	0.94551676548
TCRBV05-04.TCRBJ02-01	12	3.38158048831	0.943268022365
TCRBV05-04.TCRBJ02-02	8	2.77736279506	0.925787598355
TCRBV05-04.TCRBJ02-03	11	3.41829583405	0.988109091574
TCRBV03-01.TCRBJ01-04	11	3.09019987652	0.893268090593
TCRBV03-01.TCRBJ01-05	19	3.73195420928	0.878535285142
TCRBV03-01.TCRBJ01-06	25	3.5606945397	0.766753834354
TCRBV24-01.TCRBJ02-07	8	2.59958123065	0.866527076882
TCRBV24-01.TCRBJ02-01	10	3.32192809489	1.0
TCRBV03-01.TCRBJ01-02	35	4.44291301507	0.866185975777
TCRBV03-01.TCRBJ01-03	13	2.72552006505	0.736539512233
TCRBV16-01.TCRBJ01-01	2	0.811278124459	0.811278124459
TCRBV30-01.TCRBJ02-07	2	1.0	1.0
TCRBV30-01.TCRBJ02-04	1	0.0	0
TCRBV21-01.TCRBJ01-04	1	0.0	0
TCRBV07-09.TCRBJ01-01	46	4.88438790789	0.884282270525
TCRBV07-09.TCRBJ01-02	38	4.97106919735	0.947244256827
TCRBV07-09.TCRBJ01-03	11	1.50135076727	0.433987698783
TCRBV07-09.TCRBJ01-04	25	3.86586816467	0.832469397562
TCRBV21-01.TCRBJ01-01	6	1.69227186568	0.654660121844
TCRBV07-09.TCRBJ01-06	23	3.88931676018	0.859790757363
TCRBV11-03.TCRBJ02-02	9	2.95021206491	0.93068828555
TCRBV11-03.TCRBJ02-03	4	1.92192809489	0.960964047444
TCRBV11-03.TCRBJ02-01	8	2.75162916739	0.917209722463
TCRBV11-03.TCRBJ02-07	4	1.6577427265	0.828871363252
TCRBV11-03.TCRBJ02-04	1	0.0	0
TCRBV11-03.TCRBJ02-05	5	2.25162916739	0.969723899868
TCRBV07-08.TCRBJ01-03	9	1.82495257512	0.575708439251
TCRBV07-08.TCRBJ01-02	9	1.21020483001	0.381777117586
TCRBV10-01.TCRBJ01-06	1	0.0	0
TCRBV05-05.TCRBJ01-01	6	0.657695185975	0.254431228999
TCRBV05-05.TCRBJ01-06	3	1.5	0.946394630357
TCRBV07-08.TCRBJ01-06	8	2.29868060892	0.766226869639
TCRBV10-01.TCRBJ01-02	4	1.84237099318	0.921185496589
TCRBV07-08.TCRBJ01-04	4	1.55109817101	0.775549085504
TCRBV05-08.TCRBJ02-03	4	1.35203010176	0.676015050879
TCRBV28-01.TCRBJ02-05	11	3.14144607117	0.908081562948
TCRBV05-08.TCRBJ02-06	1	0.0	0
TCRBV23-01.TCRBJ01-06	2	0.591672778582	0.591672778582
TCRBV28-01.TCRBJ02-07	18	0.895614970305	0.214779635124
TCRBV29-01.TCRBJ01-04	8	2.05379572148	0.684598573827
TCRBV29-01.TCRBJ01-05	6	2.04022392894	0.789266354298
TCRBV07-04.TCRBJ01-05	2	1.0	1.0
TCRBV07-04.TCRBJ01-03	1	0.0	0
TCRBV29-01.TCRBJ01-01	30	4.45339352184	0.907579542496
TCRBV29-01.TCRBJ01-02	22	1.87540610778	0.42054823757
TCRBV29-01.TCRBJ01-03	6	2.58496250072	1.0
TCRBV06-08.TCRBJ02-07	2	0.918295834054	0.918295834054
TCRBV04-02.TCRBJ02-06	3	1.095795255	0.691369830203
TCRBV04-02.TCRBJ02-05	8	1.73940989521	0.579803298402
TCRBV04-02.TCRBJ02-04	2	0.918295834054	0.918295834054
TCRBV04-02.TCRBJ02-03	16	1.57734310184	0.39433577546
TCRBV04-02.TCRBJ02-02	6	1.89809337367	0.734282749997
TCRBV04-02.TCRBJ02-01	5	1.70043971814	0.73233952502
TCRBV24-01.TCRBJ02-04	1	0.0	0
TCRBV24-01.TCRBJ02-05	19	3.16044838205	0.74399771937
TCRBV24-01.TCRBJ02-06	2	1.0	1.0
TCRBV07-09.TCRBJ02-01	15	3.01966695316	0.772907988913
TCRBV06-05.TCRBJ02-01	34	2.91069758044	0.572131467348
TCRBV06-05.TCRBJ02-02	27	4.07816460245	0.85767846255
TCRBV06-05.TCRBJ02-03	24	2.98147794852	0.650273137033
TCRBV06-05.TCRBJ02-04	9	3.12192809489	0.984858661788
TCRBV06-05.TCRBJ02-05	25	4.51687569577	0.972656238949
TCRBV06-05.TCRBJ02-06	7	2.29207175246	0.816452431593
TCRBV06-05.TCRBJ02-07	56	0.329050991304	0.056661078188
TCRBV11-02.TCRBJ02-06	2	0.811278124459	0.811278124459
TCRBV24-01.TCRBJ02-02	11	3.14144607117	0.908081562948
TCRBV12-05.TCRBJ01-06	1	0.0	0
TCRBV11-02.TCRBJ02-01	22	2.40733761238	0.539830592383
TCRBV24-01.TCRBJ02-03	26	2.64127264547	0.561920331682
TCRBV12-05.TCRBJ01-02	2	1.0	1.0
TCRBV12-05.TCRBJ01-01	4	0.440584298362	0.220292149181
TCRBV11-02.TCRBJ02-03	14	1.43744553636	0.377544401766
TCRBV07-09.TCRBJ02-06	5	2.12192809489	0.913864688385
TCRBV09-01.TCRBJ02-07	15	3.02739171595	0.77488520394
TCRBV27-01.TCRBJ02-02	18	4.08496250072	0.979624933136
TCRBV05-06.TCRBJ02-06	1	0.0	0
TCRBV05-06.TCRBJ02-07	8	2.85538854221	0.951796180736
TCRBV05-06.TCRBJ02-04	2	0.918295834054	0.918295834054
TCRBV05-06.TCRBJ02-05	11	3.41829583405	0.988109091574
TCRBV05-06.TCRBJ02-02	10	3.10188122348	0.933759291253
TCRBV27-01.TCRBJ02-01	24	4.05547517713	0.884516542172
TCRBV05-06.TCRBJ02-01	11	1.10024470741	0.318042045253
TCRBV12-02.TCRBJ01-02	2	0.413816850304	0.413816850304
TCRBV27-01.TCRBJ02-07	23	3.71881331999	0.822098460487
TCRBV30-01.TCRBJ02-01	1	0.0	0
TCRBV27-01.TCRBJ02-06	2	0.191433254814	0.191433254814
TCRBV27-01.TCRBJ02-05	14	0.555324252171	0.145855656628
TCRBV18-01.TCRBJ02-05	22	4.13608598448	0.927491738452
TCRBV18-01.TCRBJ02-04	2	1.0	1.0
TCRBV18-01.TCRBJ02-07	22	4.02269698137	0.902064954771
TCRBV18-01.TCRBJ02-06	2	0.468995593589	0.468995593589
TCRBV18-01.TCRBJ02-01	19	3.5799254612	0.842746362755
TCRBV18-01.TCRBJ02-03	19	4.0882208355	0.962403624487
TCRBV18-01.TCRBJ02-02	17	3.78989809546	0.927200623628
TCRBV11-02.TCRBJ02-05	23	4.42325179698	0.977824961822
TCRBV11-02.TCRBJ02-04	5	2.15563906223	0.92838321177
TCRBV11-02.TCRBJ02-07	24	3.85962705817	0.841801226851
TCRBV07-09.TCRBJ02-02	28	4.20306395748	0.874298658124
TCRBV07-09.TCRBJ02-05	19	2.64187626579	0.62192122098
TCRBV07-09.TCRBJ02-04	7	1.83317604904	0.652990483903
TCRBV07-09.TCRBJ02-07	21	3.15047642349	0.71726975085
TCRBV11-02.TCRBJ02-02	13	3.46132014021	0.935380766573
TCRBV25-01.TCRBJ02-01	3	1.45914791703	0.920619835714
TCRBV25-01.TCRBJ02-03	6	2.44643934467	0.946411928215
TCRBV25-01.TCRBJ02-02	9	2.95021206491	0.93068828555
TCRBV25-01.TCRBJ02-05	6	2.28103611255	0.882425223545
TCRBV25-01.TCRBJ02-07	3	1.37095059445	0.864973520718
TCRBV25-01.TCRBJ02-06	2	0.650022421648	0.650022421648
TCRBV07-02.TCRBJ01-05	14	3.46954435697	0.91127421215
TCRBV07-02.TCRBJ01-04	7	2.75	0.979569764547
TCRBV07-02.TCRBJ01-06	9	2.68162595707	0.845958802134
TCRBV07-02.TCRBJ01-01	14	3.64160416787	0.95646564148
TCRBV07-02.TCRBJ01-03	4	1.82306798227	0.911533991137
TCRBV07-02.TCRBJ01-02	21	4.23592635063	0.96439440571
TCRBV06-01.TCRBJ01-05	51	4.61664374154	0.813874747258
TCRBV06-01.TCRBJ01-04	19	3.41954964545	0.804992466238
TCRBV06-01.TCRBJ01-06	17	4.02192809489	0.983966888775
TCRBV06-01.TCRBJ01-01	42	4.58158499945	0.849650463843
TCRBV06-01.TCRBJ01-03	22	2.43573963279	0.546199570055
TCRBV06-01.TCRBJ01-02	30	2.99840588674	0.611060268884
TCRBV06-04.TCRBJ02-03	7	2.725480557	0.970835762726
TCRBV06-04.TCRBJ02-02	8	1.90044149714	0.633480499047
TCRBV06-04.TCRBJ02-01	6	2.26380917388	0.87576093396
TCRBV06-04.TCRBJ02-07	7	1.0319744903	0.367596730356
TCRBV06-04.TCRBJ02-04	3	1.58496250072	1.0
TCRBV21-01.TCRBJ01-06	3	1.40563906223	0.886859507143
TCRBV07-09.TCRBJ01-05	13	3.39569230697	0.917645622039
TCRBV21-01.TCRBJ01-02	5	2.03815968165	0.877787596495
TCRBV05-03.TCRBJ01-04	1	0.0	0
TCRBV07-03.TCRBJ01-02	13	3.07410472516	0.830740387443
TCRBV07-03.TCRBJ01-03	7	2.72192809489	0.96957035019
TCRBV07-03.TCRBJ01-01	17	3.63233287175	0.888652206228
TCRBV07-03.TCRBJ01-06	11	3.29466358621	0.952371357324
TCRBV07-03.TCRBJ01-04	2	0.970950594455	0.970950594455
TCRBV07-03.TCRBJ01-05	3	1.37878349349	0.869915529774
TCRBV11-01.TCRBJ02-01	2	0.200622324313	0.200622324313
TCRBV11-01.TCRBJ02-02	1	0.0	0
TCRBV11-01.TCRBJ02-03	1	0.0	0
TCRBV11-01.TCRBJ02-04	1	0.0	0
TCRBV11-01.TCRBJ02-05	3	0.350103827867	0.22089092184
TCRBV11-01.TCRBJ02-06	1	0.0	0
TCRBV11-01.TCRBJ02-07	4	1.92192809489	0.960964047444
TCRBV05-03.TCRBJ01-06	1	0.0	0
TCRBV14-01.TCRBJ02-02	4	1.84643934467	0.923219672336
TCRBV12-01.TCRBJ01-05	2	1.0	1.0
TCRBV12-01.TCRBJ02-07	1	0.0	0
TCRBV05-05.TCRBJ01-02	8	2.94770277922	0.982567593073
TCRBV10-01.TCRBJ01-05	2	0.918295834054	0.918295834054
TCRBV07-08.TCRBJ01-01	19	4.08259792301	0.961079940769
TCRBV10-03.TCRBJ01-06	9	3.0391486719	0.958744661315
TCRBV05-01.TCRBJ01-04	28	4.03111594458	0.838530961398
TCRBV05-01.TCRBJ01-05	21	4.03383910398	0.918385152007
TCRBV05-01.TCRBJ01-02	66	3.31685215119	0.548748490864
TCRBV05-01.TCRBJ01-03	28	4.23721115802	0.881401774307
TCRBV05-01.TCRBJ01-01	78	5.57599415088	0.887134022091
TCRBV07-08.TCRBJ01-05	12	2.84787714378	0.794395239337
TCRBV05-05.TCRBJ01-05	4	2.0	1.0
TCRBV06-06.TCRBJ02-06	3	1.5726236639	0.992215060722
TCRBV05-03.TCRBJ01-02	1	0.0	0
TCRBV06-02.TCRBJ01-01	17	2.68906434254	0.657881049192
TCRBV06-02.TCRBJ01-02	16	1.22593592994	0.306483982486
TCRBV06-02.TCRBJ01-03	3	1.06127812446	0.669591945536
TCRBV06-02.TCRBJ01-05	14	2.72871044608	0.716694529915
TCRBV06-02.TCRBJ01-06	6	2.52164063634	0.975503759006
TCRBV07-06.TCRBJ02-01	7	2.45082579452	0.873001762357
TCRBV07-06.TCRBJ02-02	7	2.72192809489	0.96957035019
TCRBV07-06.TCRBJ02-03	7	1.55961980584	0.555547783995
TCRBV05-05.TCRBJ01-03	3	0.343100307881	0.216472192702
TCRBV07-06.TCRBJ02-05	8	2.81507241012	0.938357470039
TCRBV07-06.TCRBJ02-06	2	0.918295834054	0.918295834054
TCRBV07-06.TCRBJ02-07	8	2.36096404744	0.786988015815
TCRBV27-01.TCRBJ02-03	18	4.00162916739	0.959640560922
TCRBV09-01.TCRBJ02-06	7	2.44162987379	0.869726109301
TCRBV09-01.TCRBJ02-05	22	4.31044305772	0.966590235335
TCRBV09-01.TCRBJ02-03	42	4.61737283219	0.856287282475
TCRBV09-01.TCRBJ02-02	23	4.28319971091	0.946864385305
TCRBV09-01.TCRBJ02-01	19	3.23509271378	0.761569660391
TCRBV27-01.TCRBJ02-04	1	0.0	0
TCRBV01-01.TCRBJ01-02	1	0.0	0
TCRBV01-01.TCRBJ01-01	1	0.0	0
TCRBV01-01.TCRBJ01-05	2	0.721928094887	0.721928094887
TCRBV13-01.TCRBJ02-02	7	1.56851764089	0.558717256792
TCRBV13-01.TCRBJ02-03	3	1.58496250072	1.0
TCRBV13-01.TCRBJ02-01	3	1.58496250072	1.0
TCRBV13-01.TCRBJ02-06	2	0.684038435639	0.684038435639
TCRBV13-01.TCRBJ02-07	4	1.95021206491	0.975106032457
TCRBV13-01.TCRBJ02-04	3	1.58496250072	1.0
TCRBV13-01.TCRBJ02-05	1	0.0	0
TCRBV04-01.TCRBJ02-06	3	1.5	0.946394630357
TCRBV04-01.TCRBJ02-07	30	3.62657300531	0.739077616394
TCRBV04-01.TCRBJ02-04	1	0.0	0
TCRBV04-01.TCRBJ02-05	8	3.0	1.0
TCRBV04-01.TCRBJ02-02	13	1.47534614431	0.39869481918
TCRBV04-01.TCRBJ02-03	18	3.97469540792	0.953181509629
TCRBV04-01.TCRBJ02-01	28	3.04483338138	0.633369790821
TCRBV18-01.TCRBJ01-04	27	4.61499730266	0.970579703633
TCRBV18-01.TCRBJ01-05	24	4.13281916364	0.901385597591
TCRBV18-01.TCRBJ01-06	20	2.84342758893	0.657907194775
TCRBV18-01.TCRBJ01-01	35	2.49243643183	0.485922968881
TCRBV18-01.TCRBJ01-02	17	3.19071246236	0.78060953366
TCRBV18-01.TCRBJ01-03	16	3.82306798227	0.955766995568
TCRBV01-01.TCRBJ02-05	3	1.37095059445	0.864973520718
TCRBV06-09.TCRBJ02-07	1	0.0	0
TCRBV03-01.TCRBJ01-01	43	4.58010908222	0.844062958456
TCRBV14-01.TCRBJ01-01	12	2.25691384483	0.629550195957
TCRBV14-01.TCRBJ01-02	9	2.91099225302	0.918315812422
TCRBV14-01.TCRBJ01-03	4	2.0	1.0
TCRBV14-01.TCRBJ01-04	4	1.05340815049	0.526704075243
TCRBV14-01.TCRBJ01-05	1	0.0	0
TCRBV14-01.TCRBJ01-06	8	2.87314067951	0.957713559838
TCRBV23-01.TCRBJ02-07	4	0.569967557048	0.284983778524
TCRBV23-01.TCRBJ02-06	1	0.0	0
TCRBV23-01.TCRBJ02-05	1	0.0	0
TCRBV23-01.TCRBJ02-04	1	0.0	0
TCRBV23-01.TCRBJ02-02	3	1.58496250072	1.0
TCRBV23-01.TCRBJ02-01	4	1.84237099318	0.921185496589
TCRBV15-01.TCRBJ02-04	1	0.0	0
TCRBV05-05.TCRBJ01-04	2	0.650022421648	0.650022421648
TCRBV24-01.TCRBJ01-05	11	3.37878349349	0.97668746371
TCRBV03-01.TCRBJ02-04	7	2.40666631674	0.857271838994
TCRBV03-01.TCRBJ02-07	31	4.01846672067	0.811123837027
TCRBV03-01.TCRBJ02-06	7	2.08149632953	0.741443952517
TCRBV24-01.TCRBJ01-01	7	2.5726236639	0.916387038804
TCRBV03-01.TCRBJ02-03	35	4.76814282596	0.929592461598
TCRBV03-01.TCRBJ02-02	18	2.11521162135	0.507254116229
TCRBV10-02.TCRBJ02-01	2	0.468995593589	0.468995593589
TCRBV10-02.TCRBJ02-02	1	0.0	0
TCRBV10-02.TCRBJ02-03	2	1.0	1.0
TCRBV10-02.TCRBJ02-05	3	1.58496250072	1.0
TCRBV10-02.TCRBJ02-07	4	1.47160226141	0.735801130705
TCRBV10-01.TCRBJ02-05	1	0.0	0
TCRBV10-01.TCRBJ02-04	1	0.0	0
TCRBV10-01.TCRBJ02-07	5	1.6266888497	0.700576754846
TCRBV10-01.TCRBJ02-06	1	0.0	0
TCRBV05-03.TCRBJ02-01	1	0.0	0
TCRBV10-01.TCRBJ02-03	10	3.06148218672	0.921597969394
TCRBV05-03.TCRBJ02-02	1	0.0	0
TCRBV16-01.TCRBJ01-06	1	0.0	0
TCRBV15-01.TCRBJ02-05	7	2.1887870678	0.7796616846
TCRBV15-01.TCRBJ02-06	3	1.58496250072	1.0
TCRBV15-01.TCRBJ02-07	8	2.57869687602	0.859565625341
TCRBV16-01.TCRBJ01-02	3	1.5	0.946394630357
TCRBV15-01.TCRBJ02-01	12	3.29535705162	0.91921660295
TCRBV15-01.TCRBJ02-02	4	1.92192809489	0.960964047444
TCRBV15-01.TCRBJ02-03	13	2.95258424617	0.797900917477
TCRBV06-06.TCRBJ01-04	9	2.89629152905	0.913678250346
TCRBV06-06.TCRBJ01-05	19	2.54256657105	0.598542833652
TCRBV06-06.TCRBJ01-06	8	2.73957226199	0.913190753996
TCRBV06-06.TCRBJ01-01	32	3.36863390704	0.673726781409
TCRBV06-06.TCRBJ01-02	20	4.13719873517	0.957257650831
TCRBV06-06.TCRBJ01-03	3	1.58496250072	1.0
TCRBV07-09.TCRBJ02-03	21	2.33988507206	0.532722216278
TCRBV10-02.TCRBJ01-02	6	1.93867901696	0.749983420037
TCRBV05-04.TCRBJ01-05	4	1.61400546285	0.807002731427
TCRBV05-04.TCRBJ01-04	5	1.6821501305	0.724462628365
TCRBV05-04.TCRBJ01-06	6	2.5	0.967132018086
TCRBV05-04.TCRBJ01-01	13	3.5726236639	0.965459225394
TCRBV05-04.TCRBJ01-03	5	2.12808527889	0.9165164432
TCRBV05-04.TCRBJ01-02	18	2.69376384488	0.645998151993
TCRBV29-01.TCRBJ02-05	13	3.363286924	0.90888845115
TCRBV29-01.TCRBJ02-04	1	0.0	0
TCRBV29-01.TCRBJ02-07	13	2.24317743974	0.60619213137
TCRBV29-01.TCRBJ02-06	2	1.0	1.0
TCRBV29-01.TCRBJ02-01	17	3.98418371978	0.974732706943
TCRBV29-01.TCRBJ02-03	22	3.86010482677	0.865604668235
TCRBV29-01.TCRBJ02-02	12	3.52164063634	0.982336812626
TCRBV04-02.TCRBJ01-02	10	1.85154817718	0.55737153975
TCRBV04-02.TCRBJ01-03	4	1.60683227832	0.803416139159
TCRBV04-02.TCRBJ01-01	7	2.44162987379	0.869726109301
TCRBV04-02.TCRBJ01-06	5	2.25162916739	0.969723899868
TCRBV04-02.TCRBJ01-04	5	2.23592635063	0.962961064795
TCRBV04-02.TCRBJ01-05	4	1.95021206491	0.975106032457
TCRBV30-01.TCRBJ01-05	1	0.0	0
TCRBV27-01.TCRBJ01-03	5	2.32192809489	1.0
TCRBV05-05.TCRBJ02-07	11	3.23909791799	0.93630927709
TCRBV05-05.TCRBJ02-06	3	1.58496250072	1.0
TCRBV05-05.TCRBJ02-05	3	1.58496250072	1.0
TCRBV05-05.TCRBJ02-04	1	0.0	0
TCRBV05-05.TCRBJ02-03	4	1.92192809489	0.960964047444
TCRBV05-05.TCRBJ02-02	13	2.97511906494	0.803990685311
TCRBV05-05.TCRBJ02-01	8	2.87314067951	0.957713559838
TCRBV06-04.TCRBJ01-05	1	0.0	0
TCRBV06-04.TCRBJ01-02	8	0.629246702285	0.209748900762
TCRBV06-04.TCRBJ01-01	6	1.98082593623	0.766288074073
TCRBV07-08.TCRBJ02-06	1	0.0	0
TCRBV07-08.TCRBJ02-07	9	2.57917227208	0.81363826302
TCRBV07-08.TCRBJ02-04	1	0.0	0
TCRBV07-08.TCRBJ02-05	13	3.57781953111	0.966863346962
TCRBV07-08.TCRBJ02-02	8	2.65563906223	0.885213020743
TCRBV07-08.TCRBJ02-03	8	2.21924070464	0.739746901546
TCRBV07-08.TCRBJ02-01	15	3.31082038109	0.847431045245
TCRBV07-07.TCRBJ02-03	4	1.91829583405	0.959147917027
TCRBV07-07.TCRBJ02-02	4	2.0	1.0
TCRBV07-07.TCRBJ02-01	3	0.6685644432	0.421817199395
TCRBV07-07.TCRBJ02-07	2	0.811278124459	0.811278124459
TCRBV07-07.TCRBJ02-05	9	3.02205520887	0.953352274107
TCRBV11-01.TCRBJ01-01	10	1.62625089199	0.489550298964
TCRBV11-01.TCRBJ01-03	4	2.0	1.0
TCRBV11-01.TCRBJ01-02	4	1.79248125036	0.89624062518
TCRBV11-01.TCRBJ01-04	2	0.918295834054	0.918295834054
TCRBV11-01.TCRBJ01-06	3	0.816689088315	0.515273445235
TCRBV04-03.TCRBJ01-02	1	0.0	0
TCRBV06-05.TCRBJ01-01	64	4.59277884002	0.765463140003
TCRBV06-05.TCRBJ01-03	15	3.44075983254	0.880690090582
TCRBV06-05.TCRBJ01-02	51	5.37665199457	0.947857692332
TCRBV06-05.TCRBJ01-05	35	4.76058891768	0.92811975903
TCRBV06-05.TCRBJ01-04	16	3.33955928442	0.834889821105
TCRBV06-05.TCRBJ01-06	20	3.25249744547	0.752557047239
TCRBV03-01.TCRBJ02-05	30	3.89650045352	0.794087493413
TCRBV24-01.TCRBJ01-04	2	1.0	1.0
TCRBV04-02.TCRBJ02-07	3	1.32217934552	0.834202288644
TCRBV03-01.TCRBJ02-01	23	1.63517637718	0.361479823437
TCRBV02-01.TCRBJ02-01	27	4.3614405017	0.917254193651
TCRBV02-01.TCRBJ02-02	35	4.43624898368	0.864886762735
TCRBV02-01.TCRBJ02-03	37	0.281498697067	0.0540361295726
TCRBV02-01.TCRBJ02-04	6	1.76954599256	0.684553834752
TCRBV02-01.TCRBJ02-05	30	4.23984457833	0.864059325496
TCRBV02-01.TCRBJ02-06	7	2.80735492206	1.0
TCRBV02-01.TCRBJ02-07	32	4.59460967762	0.918921935525
TCRBV24-01.TCRBJ01-02	12	3.31440934525	0.924531105857
TCRBV10-01.TCRBJ01-04	1	0.0	0
TCRBV12-05.TCRBJ02-03	5	2.25162916739	0.969723899868
TCRBV12-05.TCRBJ02-02	4	1.92192809489	0.960964047444
TCRBV12-05.TCRBJ02-01	1	0.0	0
TCRBV12-05.TCRBJ02-06	1	0.0	0
TCRBV12-05.TCRBJ02-05	4	1.14511041438	0.572555207191
TCRBV05-06.TCRBJ01-03	5	0.165544782115	0.0712962569685
TCRBV05-06.TCRBJ01-02	28	4.23077760815	0.880063502017
TCRBV05-06.TCRBJ01-01	21	3.78982278201	0.862829895297
TCRBV05-06.TCRBJ01-06	9	2.95281953111	0.931510849554
TCRBV05-06.TCRBJ01-05	12	3.18143394222	0.887438555239
TCRBV05-06.TCRBJ01-04	8	0.0848028068657	0.0282676022886
TCRBV07-04.TCRBJ02-03	1	0.0	0
TCRBV20-01.TCRBJ02-01	80	5.64983116559	0.893687982653
TCRBV20-01.TCRBJ02-02	40	3.4928288642	0.65630891698
TCRBV20-01.TCRBJ02-03	105	5.81151530314	0.865550014197
TCRBV20-01.TCRBJ02-04	8	2.69238060245	0.897460200818
TCRBV06-07.TCRBJ02-07	2	1.0	1.0
TCRBV20-01.TCRBJ02-06	16	3.75792541369	0.939481353423
TCRBV20-01.TCRBJ02-07	70	4.64820246795	0.758359901983
TCRBV12-03.TCRBJ02-01	30	4.68002682208	0.953766286591
TCRBV12-03.TCRBJ02-03	35	3.87997076975	0.756435306248
TCRBV12-03.TCRBJ02-02	27	4.29769436442	0.903847748756
TCRBV12-03.TCRBJ02-05	28	4.00661252184	0.833433891777
TCRBV12-03.TCRBJ02-04	7	2.64643934467	0.942680714817
TCRBV12-03.TCRBJ02-07	29	4.01161319518	0.825777869285
TCRBV12-03.TCRBJ02-06	6	2.44643934467	0.946411928215
TCRBV05-08.TCRBJ02-01	5	1.7960885596	0.773533238843
TCRBV28-01.TCRBJ02-02	17	1.32309923805	0.323696945865
TCRBV28-01.TCRBJ02-03	16	3.64248967317	0.910622418292
TCRBV28-01.TCRBJ02-04	7	2.35353394858	0.838345707586
TCRBV05-08.TCRBJ02-05	3	1.5	0.946394630357
TCRBV28-01.TCRBJ02-06	7	2.75	0.979569764547
TCRBV05-08.TCRBJ02-07	6	2.28778371994	0.885035554405
TCRBV06-01.TCRBJ02-04	4	2.0	1.0
TCRBV06-01.TCRBJ02-05	25	3.69687483648	0.796078665101
TCRBV06-01.TCRBJ02-06	10	3.27761343682	0.986659958674
TCRBV06-01.TCRBJ02-07	34	3.34806154428	0.65810044196
TCRBV06-01.TCRBJ02-01	30	4.78494182744	0.975147445048
TCRBV06-01.TCRBJ02-02	17	3.90563906223	0.955516713893
TCRBV06-01.TCRBJ02-03	33	4.80031053013	0.95161290267
TCRBV10-01.TCRBJ01-01	4	1.83659166811	0.918295834054
TCRBV12-03.TCRBJ01-01	50	4.25247916129	0.753470502844
TCRBV12-03.TCRBJ01-02	51	5.39626021928	0.951314454393
TCRBV12-03.TCRBJ01-03	15	3.78418371978	0.968592190432
TCRBV12-03.TCRBJ01-04	20	3.99571532717	0.924521472695
TCRBV12-03.TCRBJ01-05	51	3.17920921675	0.560467353043
TCRBV12-03.TCRBJ01-06	19	3.96337494465	0.933013788984
TCRBV21-01.TCRBJ02-03	1	0.0	0
TCRBV10-01.TCRBJ01-03	1	0.0	0
TCRBV11-03.TCRBJ01-06	1	0.0	0
TCRBV11-03.TCRBJ01-05	2	0.811278124459	0.811278124459
TCRBV11-03.TCRBJ01-04	1	0.0	0
TCRBV11-03.TCRBJ01-03	1	0.0	0
TCRBV11-03.TCRBJ01-02	1	0.0	0
TCRBV11-03.TCRBJ01-01	5	2.32192809489	1.0
TCRBV07-03.TCRBJ02-07	8	2.9232314288	0.974410476266
TCRBV25-01.TCRBJ01-01	8	2.62273363903	0.874244546343
TCRBV25-01.TCRBJ01-02	5	1.71691718669	0.73943598446
TCRBV25-01.TCRBJ01-03	2	1.0	1.0
TCRBV25-01.TCRBJ01-04	3	1.25162916739	0.789690082143
TCRBV25-01.TCRBJ01-06	3	1.56127812446	0.985056822322
TCRBV19-01.TCRBJ02-01	39	3.34423391939	0.632730259857
TCRBV19-01.TCRBJ02-02	25	3.60435794014	0.776156235861
TCRBV19-01.TCRBJ02-03	23	4.33197669498	0.957647256093
TCRBV19-01.TCRBJ02-04	4	1.79248125036	0.89624062518
TCRBV19-01.TCRBJ02-05	17	3.72845709011	0.91216904836
TCRBV19-01.TCRBJ02-06	11	3.32781953111	0.961955574779
TCRBV19-01.TCRBJ02-07	32	2.47489131599	0.494978263198
TCRBV09-01.TCRBJ01-02	34	3.57961722192	0.703615403909
TCRBV09-01.TCRBJ01-03	10	3.2389012566	0.975006431231
TCRBV09-01.TCRBJ01-01	28	4.37728255031	0.910538668619
TCRBV09-01.TCRBJ01-06	21	3.95558041967	0.900567977888
TCRBV09-01.TCRBJ01-04	7	2.49354109035	0.888217257733
TCRBV09-01.TCRBJ01-05	13	3.47017552146	0.937773828459
TCRBV16-01.TCRBJ02-02	1	0.0	0
TCRBV07-02.TCRBJ02-06	4	1.79248125036	0.89624062518
TCRBV10-01.TCRBJ02-01	7	2.55034070955	0.908449690315
